Copyright 1986-2022 Xilinx, Inc. All Rights Reserved. Copyright 2022-2024 Advanced Micro Devices, Inc. All Rights Reserved.
--------------------------------------------------------------------------------------------------------------------------------------------------------------------------------------
| Tool Version : Vivado v.2024.2 (win64) Build 5239630 Fri Nov 08 22:35:27 MST 2024
| Date         : Tue Jul 21 13:24:29 2026
| Host         : DESKTOP-I9E0661 running 64-bit major release  (build 9200)
| Command      : report_methodology -file fpga_ssc_pll_top_methodology_drc_routed.rpt -pb fpga_ssc_pll_top_methodology_drc_routed.pb -rpx fpga_ssc_pll_top_methodology_drc_routed.rpx
| Design       : fpga_ssc_pll_top
| Device       : xcvu9p-flga2104-2L-e
| Speed File   : -2L
| Design State : Fully Routed
--------------------------------------------------------------------------------------------------------------------------------------------------------------------------------------

Report Methodology

Table of Contents
-----------------
1. REPORT SUMMARY
2. REPORT DETAILS

1. REPORT SUMMARY
-----------------
            Netlist: netlist
          Floorplan: design_1
      Design limits: <entire design considered>
             Max checks: <unlimited>
             Checks found: 414
+-----------+------------------+----------------------------------------------------------+--------+
| Rule      | Severity         | Description                                              | Checks |
+-----------+------------------+----------------------------------------------------------+--------+
| TIMING-2  | Critical Warning | Invalid primary clock source pin                         | 12     |
| TIMING-4  | Critical Warning | Invalid primary clock redefinition on a clock tree       | 5      |
| TIMING-6  | Critical Warning | No common primary clock between related clocks           | 10     |
| TIMING-7  | Critical Warning | No common node between related clocks                    | 10     |
| TIMING-14 | Critical Warning | LUT on the clock tree                                    | 3      |
| TIMING-17 | Critical Warning | Non-clocked sequential cell                              | 177    |
| DPIR-2    | Warning          | Asynchronous driver check                                | 10     |
| LUTAR-1   | Warning          | LUT drives async reset alert                             | 73     |
| TIMING-9  | Warning          | Unknown CDC Logic                                        | 1      |
| TIMING-16 | Warning          | Large setup violation                                    | 66     |
| TIMING-18 | Warning          | Missing input or output delay                            | 1      |
| TIMING-20 | Warning          | Non-clocked latch                                        | 34     |
| XDCB-2    | Warning          | Clock defined on multiple objects                        | 1      |
| XDCB-5    | Warning          | Runtime inefficient way to find pin objects              | 6      |
| CLKC-30   | Advisory         | MMCME4 not driven by IO has BUFG in feedback loop        | 1      |
| CLKC-36   | Advisory         | BUFGCTRL with MMCM-PLL driver in same region with BUFGCE | 1      |
| CLKC-53   | Advisory         | FD or LUT drives multiple BUFGs                          | 1      |
| CLKC-56   | Advisory         | MMCME4 with global clock driver has no LOC               | 1      |
| LATCH-1   | Advisory         | Existing latches in the design                           | 1      |
+-----------+------------------+----------------------------------------------------------+--------+

2. REPORT DETAILS
-----------------
TIMING-2#1 Critical Warning
Invalid primary clock source pin  
A primary clock clk_out_pll is created on an inappropriate pin u_mmcm_pll/inst/clkout1_buf/O. It is recommended to create a primary clock only on a proper clock source (input port or primitive output pin with no timing arc)
Related violations: <none>

TIMING-2#2 Critical Warning
Invalid primary clock source pin  
A primary clock div_out_dtc is created on an inappropriate pin u_lut_dtc_top/dout_INST_0/O. It is recommended to create a primary clock only on a proper clock source (input port or primitive output pin with no timing arc)
Related violations: <none>

TIMING-2#3 Critical Warning
Invalid primary clock source pin  
A primary clock dtc_code is created on an inappropriate pin u_dtc_ctrl/dtc_code[0]_INST_0/O. It is recommended to create a primary clock only on a proper clock source (input port or primitive output pin with no timing arc)
Related violations: <none>

TIMING-2#4 Critical Warning
Invalid primary clock source pin  
A primary clock dtc_code is created on an inappropriate pin u_dtc_ctrl/dtc_code[1]_INST_0/O. It is recommended to create a primary clock only on a proper clock source (input port or primitive output pin with no timing arc)
Related violations: <none>

TIMING-2#5 Critical Warning
Invalid primary clock source pin  
A primary clock dtc_code is created on an inappropriate pin u_dtc_ctrl/dtc_code[2]_INST_0/O. It is recommended to create a primary clock only on a proper clock source (input port or primitive output pin with no timing arc)
Related violations: <none>

TIMING-2#6 Critical Warning
Invalid primary clock source pin  
A primary clock dtc_code is created on an inappropriate pin u_dtc_ctrl/dtc_code[3]_INST_0/O. It is recommended to create a primary clock only on a proper clock source (input port or primitive output pin with no timing arc)
Related violations: <none>

TIMING-2#7 Critical Warning
Invalid primary clock source pin  
A primary clock dtc_code is created on an inappropriate pin u_dtc_ctrl/dtc_code[4]_INST_0/O. It is recommended to create a primary clock only on a proper clock source (input port or primitive output pin with no timing arc)
Related violations: <none>

TIMING-2#8 Critical Warning
Invalid primary clock source pin  
A primary clock dtc_code is created on an inappropriate pin u_dtc_ctrl/dtc_code[5]_INST_0/O. It is recommended to create a primary clock only on a proper clock source (input port or primitive output pin with no timing arc)
Related violations: <none>

TIMING-2#9 Critical Warning
Invalid primary clock source pin  
A primary clock dtc_code is created on an inappropriate pin u_dtc_ctrl/dtc_code[6]_INST_0/O. It is recommended to create a primary clock only on a proper clock source (input port or primitive output pin with no timing arc)
Related violations: <none>

TIMING-2#10 Critical Warning
Invalid primary clock source pin  
A primary clock dtc_code is created on an inappropriate pin u_dtc_ctrl/dtc_code[7]_INST_0/O. It is recommended to create a primary clock only on a proper clock source (input port or primitive output pin with no timing arc)
Related violations: <none>

TIMING-2#11 Critical Warning
Invalid primary clock source pin  
A primary clock dtc_code is created on an inappropriate pin u_dtc_ctrl/dtc_code[8]_INST_0/O. It is recommended to create a primary clock only on a proper clock source (input port or primitive output pin with no timing arc)
Related violations: <none>

TIMING-2#12 Critical Warning
Invalid primary clock source pin  
A primary clock f45 is created on an inappropriate pin u_fracn_div/u_dual_div/u_div_45/u3_reg_sync/Qn/O. It is recommended to create a primary clock only on a proper clock source (input port or primitive output pin with no timing arc)
Related violations: <none>

TIMING-4#1 Critical Warning
Invalid primary clock redefinition on a clock tree  
Invalid clock redefinition on a clock tree. The primary clock clk_out_pll is defined downstream of clock sys_clk_p and overrides its insertion delay and/or waveform definition
Related violations: <none>

TIMING-4#2 Critical Warning
Invalid primary clock redefinition on a clock tree  
Invalid clock redefinition on a clock tree. The primary clock div_out_dtc is defined downstream of clock f45 and overrides its insertion delay and/or waveform definition
Related violations: <none>

TIMING-4#3 Critical Warning
Invalid primary clock redefinition on a clock tree  
Invalid clock redefinition on a clock tree. The primary clock div_out_dtc is defined downstream of clock sys_clk_p and overrides its insertion delay and/or waveform definition
Related violations: <none>

TIMING-4#4 Critical Warning
Invalid primary clock redefinition on a clock tree  
Invalid clock redefinition on a clock tree. The primary clock dtc_code is defined downstream of clock sys_clk_p and overrides its insertion delay and/or waveform definition
Related violations: <none>

TIMING-4#5 Critical Warning
Invalid primary clock redefinition on a clock tree  
Invalid clock redefinition on a clock tree. The primary clock f45 is defined downstream of clock clk_out_pll and overrides its insertion delay and/or waveform definition
Related violations: <none>

TIMING-6#1 Critical Warning
No common primary clock between related clocks  
The clocks clk_out_pll and f45 are related (timed together) but they have no common primary clock. The design could fail in hardware. To find a timing path between these clocks, run the following command: report_timing -from [get_clocks clk_out_pll] -to [get_clocks f45]
Related violations: <none>

TIMING-6#2 Critical Warning
No common primary clock between related clocks  
The clocks clk_out_pll and sys_clk_p are related (timed together) but they have no common primary clock. The design could fail in hardware. To find a timing path between these clocks, run the following command: report_timing -from [get_clocks clk_out_pll] -to [get_clocks sys_clk_p]
Related violations: <none>

TIMING-6#3 Critical Warning
No common primary clock between related clocks  
The clocks div_out_dtc and clk_out_pll are related (timed together) but they have no common primary clock. The design could fail in hardware. To find a timing path between these clocks, run the following command: report_timing -from [get_clocks div_out_dtc] -to [get_clocks clk_out_pll]
Related violations: <none>

TIMING-6#4 Critical Warning
No common primary clock between related clocks  
The clocks div_out_dtc and sys_clk_p are related (timed together) but they have no common primary clock. The design could fail in hardware. To find a timing path between these clocks, run the following command: report_timing -from [get_clocks div_out_dtc] -to [get_clocks sys_clk_p]
Related violations: <none>

TIMING-6#5 Critical Warning
No common primary clock between related clocks  
The clocks dtc_code and div_out_dtc are related (timed together) but they have no common primary clock. The design could fail in hardware. To find a timing path between these clocks, run the following command: report_timing -from [get_clocks dtc_code] -to [get_clocks div_out_dtc]
Related violations: <none>

TIMING-6#6 Critical Warning
No common primary clock between related clocks  
The clocks dtc_code and sys_clk_p are related (timed together) but they have no common primary clock. The design could fail in hardware. To find a timing path between these clocks, run the following command: report_timing -from [get_clocks dtc_code] -to [get_clocks sys_clk_p]
Related violations: <none>

TIMING-6#7 Critical Warning
No common primary clock between related clocks  
The clocks f45 and clk_out_pll are related (timed together) but they have no common primary clock. The design could fail in hardware. To find a timing path between these clocks, run the following command: report_timing -from [get_clocks f45] -to [get_clocks clk_out_pll]
Related violations: <none>

TIMING-6#8 Critical Warning
No common primary clock between related clocks  
The clocks f45 and sys_clk_p are related (timed together) but they have no common primary clock. The design could fail in hardware. To find a timing path between these clocks, run the following command: report_timing -from [get_clocks f45] -to [get_clocks sys_clk_p]
Related violations: <none>

TIMING-6#9 Critical Warning
No common primary clock between related clocks  
The clocks sys_clk_p and clk_out_pll are related (timed together) but they have no common primary clock. The design could fail in hardware. To find a timing path between these clocks, run the following command: report_timing -from [get_clocks sys_clk_p] -to [get_clocks clk_out_pll]
Related violations: <none>

TIMING-6#10 Critical Warning
No common primary clock between related clocks  
The clocks sys_clk_p and div_out_dtc are related (timed together) but they have no common primary clock. The design could fail in hardware. To find a timing path between these clocks, run the following command: report_timing -from [get_clocks sys_clk_p] -to [get_clocks div_out_dtc]
Related violations: <none>

TIMING-7#1 Critical Warning
No common node between related clocks  
The clocks clk_out_pll and f45 are related (timed together) but they have no common node. The design could fail in hardware. To find a timing path between these clocks, run the following command: report_timing -from [get_clocks clk_out_pll] -to [get_clocks f45]
Related violations: <none>

TIMING-7#2 Critical Warning
No common node between related clocks  
The clocks clk_out_pll and sys_clk_p are related (timed together) but they have no common node. The design could fail in hardware. To find a timing path between these clocks, run the following command: report_timing -from [get_clocks clk_out_pll] -to [get_clocks sys_clk_p]
Related violations: <none>

TIMING-7#3 Critical Warning
No common node between related clocks  
The clocks div_out_dtc and clk_out_pll are related (timed together) but they have no common node. The design could fail in hardware. To find a timing path between these clocks, run the following command: report_timing -from [get_clocks div_out_dtc] -to [get_clocks clk_out_pll]
Related violations: <none>

TIMING-7#4 Critical Warning
No common node between related clocks  
The clocks div_out_dtc and sys_clk_p are related (timed together) but they have no common node. The design could fail in hardware. To find a timing path between these clocks, run the following command: report_timing -from [get_clocks div_out_dtc] -to [get_clocks sys_clk_p]
Related violations: <none>

TIMING-7#5 Critical Warning
No common node between related clocks  
The clocks dtc_code and div_out_dtc are related (timed together) but they have no common node. The design could fail in hardware. To find a timing path between these clocks, run the following command: report_timing -from [get_clocks dtc_code] -to [get_clocks div_out_dtc]
Related violations: <none>

TIMING-7#6 Critical Warning
No common node between related clocks  
The clocks dtc_code and sys_clk_p are related (timed together) but they have no common node. The design could fail in hardware. To find a timing path between these clocks, run the following command: report_timing -from [get_clocks dtc_code] -to [get_clocks sys_clk_p]
Related violations: <none>

TIMING-7#7 Critical Warning
No common node between related clocks  
The clocks f45 and clk_out_pll are related (timed together) but they have no common node. The design could fail in hardware. To find a timing path between these clocks, run the following command: report_timing -from [get_clocks f45] -to [get_clocks clk_out_pll]
Related violations: <none>

TIMING-7#8 Critical Warning
No common node between related clocks  
The clocks f45 and sys_clk_p are related (timed together) but they have no common node. The design could fail in hardware. To find a timing path between these clocks, run the following command: report_timing -from [get_clocks f45] -to [get_clocks sys_clk_p]
Related violations: <none>

TIMING-7#9 Critical Warning
No common node between related clocks  
The clocks sys_clk_p and clk_out_pll are related (timed together) but they have no common node. The design could fail in hardware. To find a timing path between these clocks, run the following command: report_timing -from [get_clocks sys_clk_p] -to [get_clocks clk_out_pll]
Related violations: <none>

TIMING-7#10 Critical Warning
No common node between related clocks  
The clocks sys_clk_p and div_out_dtc are related (timed together) but they have no common node. The design could fail in hardware. To find a timing path between these clocks, run the following command: report_timing -from [get_clocks sys_clk_p] -to [get_clocks div_out_dtc]
Related violations: <none>

TIMING-14#1 Critical Warning
LUT on the clock tree  
The LUT dtc_code_d1_reg[8]_i_1 has been found on the clock tree. Run opt_design to optimize the clock trees, then re-run report_methodology. If LUT(s) are still present in the clock trees, modify the RTL or the synthesis options accordingly to move the clock gating logic to dedicated clock enable resources. Keep in mind that post-opt_design database cannot be used for pin-planning tasks
Related violations: <none>

TIMING-14#2 Critical Warning
LUT on the clock tree  
The LUT u_fracn_div/u_dual_div/u_div_45/u3_reg_sync/Qn has been found on the clock tree. Run opt_design to optimize the clock trees, then re-run report_methodology. If LUT(s) are still present in the clock trees, modify the RTL or the synthesis options accordingly to move the clock gating logic to dedicated clock enable resources. Keep in mind that post-opt_design database cannot be used for pin-planning tasks
Related violations: <none>

TIMING-14#3 Critical Warning
LUT on the clock tree  
The LUT u_lut_dtc_top/dout_INST_0 has been found on the clock tree. Run opt_design to optimize the clock trees, then re-run report_methodology. If LUT(s) are still present in the clock trees, modify the RTL or the synthesis options accordingly to move the clock gating logic to dedicated clock enable resources. Keep in mind that post-opt_design database cannot be used for pin-planning tasks
Related violations: <none>

TIMING-17#1 Critical Warning
Non-clocked sequential cell  
The clock pin u_fracn_div/Eo_d1_reg[0]/C is not reached by a timing clock
Related violations: <none>

TIMING-17#2 Critical Warning
Non-clocked sequential cell  
The clock pin u_fracn_div/Eo_d1_reg[1]/C is not reached by a timing clock
Related violations: <none>

TIMING-17#3 Critical Warning
Non-clocked sequential cell  
The clock pin u_fracn_div/Eo_d1_reg[2]/C is not reached by a timing clock
Related violations: <none>

TIMING-17#4 Critical Warning
Non-clocked sequential cell  
The clock pin u_fracn_div/Eo_d1_reg[3]/C is not reached by a timing clock
Related violations: <none>

TIMING-17#5 Critical Warning
Non-clocked sequential cell  
The clock pin u_fracn_div/Eo_d1_reg[4]/C is not reached by a timing clock
Related violations: <none>

TIMING-17#6 Critical Warning
Non-clocked sequential cell  
The clock pin u_fracn_div/Eo_d1_reg[5]/C is not reached by a timing clock
Related violations: <none>

TIMING-17#7 Critical Warning
Non-clocked sequential cell  
The clock pin u_fracn_div/Eo_d1_reg[6]/C is not reached by a timing clock
Related violations: <none>

TIMING-17#8 Critical Warning
Non-clocked sequential cell  
The clock pin u_fracn_div/Eo_d1_reg[7]/C is not reached by a timing clock
Related violations: <none>

TIMING-17#9 Critical Warning
Non-clocked sequential cell  
The clock pin u_fracn_div/Eo_d1_reg[8]/C is not reached by a timing clock
Related violations: <none>

TIMING-17#10 Critical Warning
Non-clocked sequential cell  
The clock pin u_fracn_div/Eo_d1_reg[9]/C is not reached by a timing clock
Related violations: <none>

TIMING-17#11 Critical Warning
Non-clocked sequential cell  
The clock pin u_fracn_div/Eo_d2_reg[0]/C is not reached by a timing clock
Related violations: <none>

TIMING-17#12 Critical Warning
Non-clocked sequential cell  
The clock pin u_fracn_div/Eo_d2_reg[1]/C is not reached by a timing clock
Related violations: <none>

TIMING-17#13 Critical Warning
Non-clocked sequential cell  
The clock pin u_fracn_div/Eo_d2_reg[2]/C is not reached by a timing clock
Related violations: <none>

TIMING-17#14 Critical Warning
Non-clocked sequential cell  
The clock pin u_fracn_div/Eo_d2_reg[3]/C is not reached by a timing clock
Related violations: <none>

TIMING-17#15 Critical Warning
Non-clocked sequential cell  
The clock pin u_fracn_div/Eo_d2_reg[4]/C is not reached by a timing clock
Related violations: <none>

TIMING-17#16 Critical Warning
Non-clocked sequential cell  
The clock pin u_fracn_div/Eo_d2_reg[5]/C is not reached by a timing clock
Related violations: <none>

TIMING-17#17 Critical Warning
Non-clocked sequential cell  
The clock pin u_fracn_div/Eo_d2_reg[6]/C is not reached by a timing clock
Related violations: <none>

TIMING-17#18 Critical Warning
Non-clocked sequential cell  
The clock pin u_fracn_div/Eo_d2_reg[7]/C is not reached by a timing clock
Related violations: <none>

TIMING-17#19 Critical Warning
Non-clocked sequential cell  
The clock pin u_fracn_div/Eo_d2_reg[8]/C is not reached by a timing clock
Related violations: <none>

TIMING-17#20 Critical Warning
Non-clocked sequential cell  
The clock pin u_fracn_div/Eo_d2_reg[9]/C is not reached by a timing clock
Related violations: <none>

TIMING-17#21 Critical Warning
Non-clocked sequential cell  
The clock pin u_fracn_div/Eo_d3_reg[0]/C is not reached by a timing clock
Related violations: <none>

TIMING-17#22 Critical Warning
Non-clocked sequential cell  
The clock pin u_fracn_div/Eo_d3_reg[1]/C is not reached by a timing clock
Related violations: <none>

TIMING-17#23 Critical Warning
Non-clocked sequential cell  
The clock pin u_fracn_div/Eo_d3_reg[2]/C is not reached by a timing clock
Related violations: <none>

TIMING-17#24 Critical Warning
Non-clocked sequential cell  
The clock pin u_fracn_div/Eo_d3_reg[3]/C is not reached by a timing clock
Related violations: <none>

TIMING-17#25 Critical Warning
Non-clocked sequential cell  
The clock pin u_fracn_div/Eo_d3_reg[4]/C is not reached by a timing clock
Related violations: <none>

TIMING-17#26 Critical Warning
Non-clocked sequential cell  
The clock pin u_fracn_div/Eo_d3_reg[5]/C is not reached by a timing clock
Related violations: <none>

TIMING-17#27 Critical Warning
Non-clocked sequential cell  
The clock pin u_fracn_div/Eo_d3_reg[6]/C is not reached by a timing clock
Related violations: <none>

TIMING-17#28 Critical Warning
Non-clocked sequential cell  
The clock pin u_fracn_div/Eo_d3_reg[7]/C is not reached by a timing clock
Related violations: <none>

TIMING-17#29 Critical Warning
Non-clocked sequential cell  
The clock pin u_fracn_div/Eo_d3_reg[8]/C is not reached by a timing clock
Related violations: <none>

TIMING-17#30 Critical Warning
Non-clocked sequential cell  
The clock pin u_fracn_div/Eo_d3_reg[9]/C is not reached by a timing clock
Related violations: <none>

TIMING-17#31 Critical Warning
Non-clocked sequential cell  
The clock pin u_fracn_div/Eo_reg[0]/C is not reached by a timing clock
Related violations: <none>

TIMING-17#32 Critical Warning
Non-clocked sequential cell  
The clock pin u_fracn_div/Eo_reg[1]/C is not reached by a timing clock
Related violations: <none>

TIMING-17#33 Critical Warning
Non-clocked sequential cell  
The clock pin u_fracn_div/Eo_reg[2]/C is not reached by a timing clock
Related violations: <none>

TIMING-17#34 Critical Warning
Non-clocked sequential cell  
The clock pin u_fracn_div/Eo_reg[3]/C is not reached by a timing clock
Related violations: <none>

TIMING-17#35 Critical Warning
Non-clocked sequential cell  
The clock pin u_fracn_div/Eo_reg[4]/C is not reached by a timing clock
Related violations: <none>

TIMING-17#36 Critical Warning
Non-clocked sequential cell  
The clock pin u_fracn_div/Eo_reg[5]/C is not reached by a timing clock
Related violations: <none>

TIMING-17#37 Critical Warning
Non-clocked sequential cell  
The clock pin u_fracn_div/Eo_reg[6]/C is not reached by a timing clock
Related violations: <none>

TIMING-17#38 Critical Warning
Non-clocked sequential cell  
The clock pin u_fracn_div/Eo_reg[7]/C is not reached by a timing clock
Related violations: <none>

TIMING-17#39 Critical Warning
Non-clocked sequential cell  
The clock pin u_fracn_div/Eo_reg[8]/C is not reached by a timing clock
Related violations: <none>

TIMING-17#40 Critical Warning
Non-clocked sequential cell  
The clock pin u_fracn_div/Eo_reg[9]/C is not reached by a timing clock
Related violations: <none>

TIMING-17#41 Critical Warning
Non-clocked sequential cell  
The clock pin u_fracn_div/delta_sigma_d1_reg/C is not reached by a timing clock
Related violations: <none>

TIMING-17#42 Critical Warning
Non-clocked sequential cell  
The clock pin u_fracn_div/u_calculate_ps/real_integer_reg[0]/F1/C is not reached by a timing clock
Related violations: <none>

TIMING-17#43 Critical Warning
Non-clocked sequential cell  
The clock pin u_fracn_div/u_calculate_ps/real_integer_reg[0]/F2/C is not reached by a timing clock
Related violations: <none>

TIMING-17#44 Critical Warning
Non-clocked sequential cell  
The clock pin u_fracn_div/u_calculate_ps/real_integer_reg[1]/F1/C is not reached by a timing clock
Related violations: <none>

TIMING-17#45 Critical Warning
Non-clocked sequential cell  
The clock pin u_fracn_div/u_calculate_ps/real_integer_reg[1]/F2/C is not reached by a timing clock
Related violations: <none>

TIMING-17#46 Critical Warning
Non-clocked sequential cell  
The clock pin u_fracn_div/u_calculate_ps/real_integer_reg[2]/F1/C is not reached by a timing clock
Related violations: <none>

TIMING-17#47 Critical Warning
Non-clocked sequential cell  
The clock pin u_fracn_div/u_calculate_ps/real_integer_reg[2]/F2/C is not reached by a timing clock
Related violations: <none>

TIMING-17#48 Critical Warning
Non-clocked sequential cell  
The clock pin u_fracn_div/u_calculate_ps/real_integer_reg[3]/F1/C is not reached by a timing clock
Related violations: <none>

TIMING-17#49 Critical Warning
Non-clocked sequential cell  
The clock pin u_fracn_div/u_calculate_ps/real_integer_reg[3]/F2/C is not reached by a timing clock
Related violations: <none>

TIMING-17#50 Critical Warning
Non-clocked sequential cell  
The clock pin u_fracn_div/u_calculate_ps/real_integer_reg[4]/F1/C is not reached by a timing clock
Related violations: <none>

TIMING-17#51 Critical Warning
Non-clocked sequential cell  
The clock pin u_fracn_div/u_calculate_ps/real_integer_reg[4]/F2/C is not reached by a timing clock
Related violations: <none>

TIMING-17#52 Critical Warning
Non-clocked sequential cell  
The clock pin u_fracn_div/u_calculate_ps/real_integer_reg[5]/F1/C is not reached by a timing clock
Related violations: <none>

TIMING-17#53 Critical Warning
Non-clocked sequential cell  
The clock pin u_fracn_div/u_calculate_ps/real_integer_reg[5]/F2/C is not reached by a timing clock
Related violations: <none>

TIMING-17#54 Critical Warning
Non-clocked sequential cell  
The clock pin u_fracn_div/u_calculate_ps/real_integer_reg[6]/F1/C is not reached by a timing clock
Related violations: <none>

TIMING-17#55 Critical Warning
Non-clocked sequential cell  
The clock pin u_fracn_div/u_calculate_ps/real_integer_reg[6]/F2/C is not reached by a timing clock
Related violations: <none>

TIMING-17#56 Critical Warning
Non-clocked sequential cell  
The clock pin u_fracn_div/u_calculate_ps/real_integer_reg[7]/F1/C is not reached by a timing clock
Related violations: <none>

TIMING-17#57 Critical Warning
Non-clocked sequential cell  
The clock pin u_fracn_div/u_calculate_ps/real_integer_reg[7]/F2/C is not reached by a timing clock
Related violations: <none>

TIMING-17#58 Critical Warning
Non-clocked sequential cell  
The clock pin u_fracn_div/u_dual_div/u_p_counter/BLOCK1[1].u_dff/Q_reg/F1/C is not reached by a timing clock
Related violations: <none>

TIMING-17#59 Critical Warning
Non-clocked sequential cell  
The clock pin u_fracn_div/u_dual_div/u_p_counter/BLOCK1[1].u_dff/Q_reg/F2/C is not reached by a timing clock
Related violations: <none>

TIMING-17#60 Critical Warning
Non-clocked sequential cell  
The clock pin u_fracn_div/u_dual_div/u_p_counter/BLOCK1[2].u_dff/Q_reg/F1/C is not reached by a timing clock
Related violations: <none>

TIMING-17#61 Critical Warning
Non-clocked sequential cell  
The clock pin u_fracn_div/u_dual_div/u_p_counter/BLOCK1[2].u_dff/Q_reg/F2/C is not reached by a timing clock
Related violations: <none>

TIMING-17#62 Critical Warning
Non-clocked sequential cell  
The clock pin u_fracn_div/u_dual_div/u_p_counter/BLOCK1[3].u_dff/Q_reg/F1/C is not reached by a timing clock
Related violations: <none>

TIMING-17#63 Critical Warning
Non-clocked sequential cell  
The clock pin u_fracn_div/u_dual_div/u_p_counter/BLOCK1[3].u_dff/Q_reg/F2/C is not reached by a timing clock
Related violations: <none>

TIMING-17#64 Critical Warning
Non-clocked sequential cell  
The clock pin u_fracn_div/u_dual_div/u_p_counter/BLOCK1[4].u_dff/Q_reg/F1/C is not reached by a timing clock
Related violations: <none>

TIMING-17#65 Critical Warning
Non-clocked sequential cell  
The clock pin u_fracn_div/u_dual_div/u_p_counter/BLOCK1[4].u_dff/Q_reg/F2/C is not reached by a timing clock
Related violations: <none>

TIMING-17#66 Critical Warning
Non-clocked sequential cell  
The clock pin u_fracn_div/u_dual_div/u_p_counter/BLOCK1[5].u_dff/Q_reg/F1/C is not reached by a timing clock
Related violations: <none>

TIMING-17#67 Critical Warning
Non-clocked sequential cell  
The clock pin u_fracn_div/u_dual_div/u_p_counter/BLOCK1[5].u_dff/Q_reg/F2/C is not reached by a timing clock
Related violations: <none>

TIMING-17#68 Critical Warning
Non-clocked sequential cell  
The clock pin u_fracn_div/u_dual_div/u_s_counter/BLOCK1[1].u_dff/Q_reg/F1/C is not reached by a timing clock
Related violations: <none>

TIMING-17#69 Critical Warning
Non-clocked sequential cell  
The clock pin u_fracn_div/u_dual_div/u_s_counter/BLOCK1[1].u_dff/Q_reg/F2/C is not reached by a timing clock
Related violations: <none>

TIMING-17#70 Critical Warning
Non-clocked sequential cell  
The clock pin u_fracn_div/u_mash111/c1_reg_reg[0]/C is not reached by a timing clock
Related violations: <none>

TIMING-17#71 Critical Warning
Non-clocked sequential cell  
The clock pin u_fracn_div/u_mash111/c1_reg_reg[1]/C is not reached by a timing clock
Related violations: <none>

TIMING-17#72 Critical Warning
Non-clocked sequential cell  
The clock pin u_fracn_div/u_mash111/c1_reg_reg[2]/C is not reached by a timing clock
Related violations: <none>

TIMING-17#73 Critical Warning
Non-clocked sequential cell  
The clock pin u_fracn_div/u_mash111/eo_d1_reg[0]/C is not reached by a timing clock
Related violations: <none>

TIMING-17#74 Critical Warning
Non-clocked sequential cell  
The clock pin u_fracn_div/u_mash111/eo_d1_reg[1]/C is not reached by a timing clock
Related violations: <none>

TIMING-17#75 Critical Warning
Non-clocked sequential cell  
The clock pin u_fracn_div/u_mash111/eo_d1_reg[2]/C is not reached by a timing clock
Related violations: <none>

TIMING-17#76 Critical Warning
Non-clocked sequential cell  
The clock pin u_fracn_div/u_mash111/eo_d1_reg[3]/C is not reached by a timing clock
Related violations: <none>

TIMING-17#77 Critical Warning
Non-clocked sequential cell  
The clock pin u_fracn_div/u_mash111/eo_d1_reg[4]/C is not reached by a timing clock
Related violations: <none>

TIMING-17#78 Critical Warning
Non-clocked sequential cell  
The clock pin u_fracn_div/u_mash111/eo_d1_reg[5]/C is not reached by a timing clock
Related violations: <none>

TIMING-17#79 Critical Warning
Non-clocked sequential cell  
The clock pin u_fracn_div/u_mash111/eo_d1_reg[6]/C is not reached by a timing clock
Related violations: <none>

TIMING-17#80 Critical Warning
Non-clocked sequential cell  
The clock pin u_fracn_div/u_mash111/eo_d1_reg[7]/C is not reached by a timing clock
Related violations: <none>

TIMING-17#81 Critical Warning
Non-clocked sequential cell  
The clock pin u_fracn_div/u_mash111/eo_d1_reg[8]/C is not reached by a timing clock
Related violations: <none>

TIMING-17#82 Critical Warning
Non-clocked sequential cell  
The clock pin u_fracn_div/u_mash111/eo_d1_reg[9]/C is not reached by a timing clock
Related violations: <none>

TIMING-17#83 Critical Warning
Non-clocked sequential cell  
The clock pin u_fracn_div/u_mash111/u_hk_efm_1/sum_r_reg[0]/C is not reached by a timing clock
Related violations: <none>

TIMING-17#84 Critical Warning
Non-clocked sequential cell  
The clock pin u_fracn_div/u_mash111/u_hk_efm_1/sum_r_reg[10]/C is not reached by a timing clock
Related violations: <none>

TIMING-17#85 Critical Warning
Non-clocked sequential cell  
The clock pin u_fracn_div/u_mash111/u_hk_efm_1/sum_r_reg[1]/C is not reached by a timing clock
Related violations: <none>

TIMING-17#86 Critical Warning
Non-clocked sequential cell  
The clock pin u_fracn_div/u_mash111/u_hk_efm_1/sum_r_reg[2]/C is not reached by a timing clock
Related violations: <none>

TIMING-17#87 Critical Warning
Non-clocked sequential cell  
The clock pin u_fracn_div/u_mash111/u_hk_efm_1/sum_r_reg[3]/C is not reached by a timing clock
Related violations: <none>

TIMING-17#88 Critical Warning
Non-clocked sequential cell  
The clock pin u_fracn_div/u_mash111/u_hk_efm_1/sum_r_reg[4]/C is not reached by a timing clock
Related violations: <none>

TIMING-17#89 Critical Warning
Non-clocked sequential cell  
The clock pin u_fracn_div/u_mash111/u_hk_efm_1/sum_r_reg[5]/C is not reached by a timing clock
Related violations: <none>

TIMING-17#90 Critical Warning
Non-clocked sequential cell  
The clock pin u_fracn_div/u_mash111/u_hk_efm_1/sum_r_reg[6]/C is not reached by a timing clock
Related violations: <none>

TIMING-17#91 Critical Warning
Non-clocked sequential cell  
The clock pin u_fracn_div/u_mash111/u_hk_efm_1/sum_r_reg[7]/C is not reached by a timing clock
Related violations: <none>

TIMING-17#92 Critical Warning
Non-clocked sequential cell  
The clock pin u_fracn_div/u_mash111/u_hk_efm_1/sum_r_reg[8]/C is not reached by a timing clock
Related violations: <none>

TIMING-17#93 Critical Warning
Non-clocked sequential cell  
The clock pin u_fracn_div/u_mash111/u_hk_efm_1/sum_r_reg[9]/C is not reached by a timing clock
Related violations: <none>

TIMING-17#94 Critical Warning
Non-clocked sequential cell  
The clock pin u_fracn_div/u_mash111/u_hk_efm_2/sum_r_reg[0]/C is not reached by a timing clock
Related violations: <none>

TIMING-17#95 Critical Warning
Non-clocked sequential cell  
The clock pin u_fracn_div/u_mash111/u_hk_efm_2/sum_r_reg[10]/C is not reached by a timing clock
Related violations: <none>

TIMING-17#96 Critical Warning
Non-clocked sequential cell  
The clock pin u_fracn_div/u_mash111/u_hk_efm_2/sum_r_reg[1]/C is not reached by a timing clock
Related violations: <none>

TIMING-17#97 Critical Warning
Non-clocked sequential cell  
The clock pin u_fracn_div/u_mash111/u_hk_efm_2/sum_r_reg[2]/C is not reached by a timing clock
Related violations: <none>

TIMING-17#98 Critical Warning
Non-clocked sequential cell  
The clock pin u_fracn_div/u_mash111/u_hk_efm_2/sum_r_reg[3]/C is not reached by a timing clock
Related violations: <none>

TIMING-17#99 Critical Warning
Non-clocked sequential cell  
The clock pin u_fracn_div/u_mash111/u_hk_efm_2/sum_r_reg[4]/C is not reached by a timing clock
Related violations: <none>

TIMING-17#100 Critical Warning
Non-clocked sequential cell  
The clock pin u_fracn_div/u_mash111/u_hk_efm_2/sum_r_reg[5]/C is not reached by a timing clock
Related violations: <none>

TIMING-17#101 Critical Warning
Non-clocked sequential cell  
The clock pin u_fracn_div/u_mash111/u_hk_efm_2/sum_r_reg[6]/C is not reached by a timing clock
Related violations: <none>

TIMING-17#102 Critical Warning
Non-clocked sequential cell  
The clock pin u_fracn_div/u_mash111/u_hk_efm_2/sum_r_reg[7]/C is not reached by a timing clock
Related violations: <none>

TIMING-17#103 Critical Warning
Non-clocked sequential cell  
The clock pin u_fracn_div/u_mash111/u_hk_efm_2/sum_r_reg[8]/C is not reached by a timing clock
Related violations: <none>

TIMING-17#104 Critical Warning
Non-clocked sequential cell  
The clock pin u_fracn_div/u_mash111/u_hk_efm_2/sum_r_reg[9]/C is not reached by a timing clock
Related violations: <none>

TIMING-17#105 Critical Warning
Non-clocked sequential cell  
The clock pin u_fracn_div/u_mash111/u_hk_efm_3/sum_r_reg[0]/C is not reached by a timing clock
Related violations: <none>

TIMING-17#106 Critical Warning
Non-clocked sequential cell  
The clock pin u_fracn_div/u_mash111/u_hk_efm_3/sum_r_reg[10]/C is not reached by a timing clock
Related violations: <none>

TIMING-17#107 Critical Warning
Non-clocked sequential cell  
The clock pin u_fracn_div/u_mash111/u_hk_efm_3/sum_r_reg[1]/C is not reached by a timing clock
Related violations: <none>

TIMING-17#108 Critical Warning
Non-clocked sequential cell  
The clock pin u_fracn_div/u_mash111/u_hk_efm_3/sum_r_reg[2]/C is not reached by a timing clock
Related violations: <none>

TIMING-17#109 Critical Warning
Non-clocked sequential cell  
The clock pin u_fracn_div/u_mash111/u_hk_efm_3/sum_r_reg[3]/C is not reached by a timing clock
Related violations: <none>

TIMING-17#110 Critical Warning
Non-clocked sequential cell  
The clock pin u_fracn_div/u_mash111/u_hk_efm_3/sum_r_reg[4]/C is not reached by a timing clock
Related violations: <none>

TIMING-17#111 Critical Warning
Non-clocked sequential cell  
The clock pin u_fracn_div/u_mash111/u_hk_efm_3/sum_r_reg[5]/C is not reached by a timing clock
Related violations: <none>

TIMING-17#112 Critical Warning
Non-clocked sequential cell  
The clock pin u_fracn_div/u_mash111/u_hk_efm_3/sum_r_reg[6]/C is not reached by a timing clock
Related violations: <none>

TIMING-17#113 Critical Warning
Non-clocked sequential cell  
The clock pin u_fracn_div/u_mash111/u_hk_efm_3/sum_r_reg[7]/C is not reached by a timing clock
Related violations: <none>

TIMING-17#114 Critical Warning
Non-clocked sequential cell  
The clock pin u_fracn_div/u_mash111/u_hk_efm_3/sum_r_reg[8]/C is not reached by a timing clock
Related violations: <none>

TIMING-17#115 Critical Warning
Non-clocked sequential cell  
The clock pin u_fracn_div/u_mash111/u_hk_efm_3/sum_r_reg[9]/C is not reached by a timing clock
Related violations: <none>

TIMING-17#116 Critical Warning
Non-clocked sequential cell  
The clock pin u_fracn_div/u_mash111/u_mash_stage/inst/PROBE_OUT_ALL_INST/Committ_1_reg/C is not reached by a timing clock
Related violations: <none>

TIMING-17#117 Critical Warning
Non-clocked sequential cell  
The clock pin u_fracn_div/u_mash111/u_mash_stage/inst/PROBE_OUT_ALL_INST/Committ_2_reg/C is not reached by a timing clock
Related violations: <none>

TIMING-17#118 Critical Warning
Non-clocked sequential cell  
The clock pin u_fracn_div/u_mash111/u_mash_stage/inst/PROBE_OUT_ALL_INST/G_PROBE_OUT[0].PROBE_OUT0_INST/Probe_out_reg[0]/C is not reached by a timing clock
Related violations: <none>

TIMING-17#119 Critical Warning
Non-clocked sequential cell  
The clock pin u_fracn_div/u_mash111/u_mash_stage/inst/PROBE_OUT_ALL_INST/G_PROBE_OUT[0].PROBE_OUT0_INST/Probe_out_reg[1]/C is not reached by a timing clock
Related violations: <none>

TIMING-17#120 Critical Warning
Non-clocked sequential cell  
The clock pin u_fracn_div/u_mash111/u_mash_stage/inst/PROBE_OUT_ALL_INST/G_PROBE_OUT[1].PROBE_OUT0_INST/Probe_out_reg[0]/C is not reached by a timing clock
Related violations: <none>

TIMING-17#121 Critical Warning
Non-clocked sequential cell  
The clock pin u_fracn_div/u_mash111/y2_d_reg/C is not reached by a timing clock
Related violations: <none>

TIMING-17#122 Critical Warning
Non-clocked sequential cell  
The clock pin u_fracn_div/u_mash111/y3_d_reg/C is not reached by a timing clock
Related violations: <none>

TIMING-17#123 Critical Warning
Non-clocked sequential cell  
The clock pin u_fracn_div/u_mash111/y3_dd_reg/C is not reached by a timing clock
Related violations: <none>

TIMING-17#124 Critical Warning
Non-clocked sequential cell  
The clock pin u_fracn_div/u_mash111/y_o_reg[0]/C is not reached by a timing clock
Related violations: <none>

TIMING-17#125 Critical Warning
Non-clocked sequential cell  
The clock pin u_fracn_div/u_mash111/y_o_reg[1]/C is not reached by a timing clock
Related violations: <none>

TIMING-17#126 Critical Warning
Non-clocked sequential cell  
The clock pin u_fracn_div/u_mash111/y_o_reg[2]/C is not reached by a timing clock
Related violations: <none>

TIMING-17#127 Critical Warning
Non-clocked sequential cell  
The clock pin u_fracn_div/u_mash111/y_o_reg[3]/C is not reached by a timing clock
Related violations: <none>

TIMING-17#128 Critical Warning
Non-clocked sequential cell  
The clock pin u_mux_01/I0 is not reached by a timing clock
Related violations: <none>

TIMING-17#129 Critical Warning
Non-clocked sequential cell  
The clock pin u_mux_02/I1 is not reached by a timing clock
Related violations: <none>

TIMING-17#130 Critical Warning
Non-clocked sequential cell  
The clock pin u_mux_pll_01/I0 is not reached by a timing clock
Related violations: <none>

TIMING-17#131 Critical Warning
Non-clocked sequential cell  
The clock pin u_mux_pll_ref/I0 is not reached by a timing clock
Related violations: <none>

TIMING-17#132 Critical Warning
Non-clocked sequential cell  
The clock pin u_ssc_ctrl/mod_cnt_reg[0]/C is not reached by a timing clock
Related violations: <none>

TIMING-17#133 Critical Warning
Non-clocked sequential cell  
The clock pin u_ssc_ctrl/mod_cnt_reg[1]/C is not reached by a timing clock
Related violations: <none>

TIMING-17#134 Critical Warning
Non-clocked sequential cell  
The clock pin u_ssc_ctrl/mod_cnt_reg[2]/C is not reached by a timing clock
Related violations: <none>

TIMING-17#135 Critical Warning
Non-clocked sequential cell  
The clock pin u_ssc_ctrl/mod_cnt_reg[3]/C is not reached by a timing clock
Related violations: <none>

TIMING-17#136 Critical Warning
Non-clocked sequential cell  
The clock pin u_ssc_ctrl/mod_cnt_reg[4]/C is not reached by a timing clock
Related violations: <none>

TIMING-17#137 Critical Warning
Non-clocked sequential cell  
The clock pin u_ssc_ctrl/mod_cnt_reg[5]/C is not reached by a timing clock
Related violations: <none>

TIMING-17#138 Critical Warning
Non-clocked sequential cell  
The clock pin u_ssc_ctrl/mod_cnt_reg[6]/C is not reached by a timing clock
Related violations: <none>

TIMING-17#139 Critical Warning
Non-clocked sequential cell  
The clock pin u_ssc_ctrl/mod_cnt_reg[7]/C is not reached by a timing clock
Related violations: <none>

TIMING-17#140 Critical Warning
Non-clocked sequential cell  
The clock pin u_ssc_ctrl/mod_cnt_reg[8]/C is not reached by a timing clock
Related violations: <none>

TIMING-17#141 Critical Warning
Non-clocked sequential cell  
The clock pin u_ssc_ctrl/mod_dir_reg/C is not reached by a timing clock
Related violations: <none>

TIMING-17#142 Critical Warning
Non-clocked sequential cell  
The clock pin u_ssc_ctrl/ssc_frac_reg[0]/F1/C is not reached by a timing clock
Related violations: <none>

TIMING-17#143 Critical Warning
Non-clocked sequential cell  
The clock pin u_ssc_ctrl/ssc_frac_reg[0]/F2/C is not reached by a timing clock
Related violations: <none>

TIMING-17#144 Critical Warning
Non-clocked sequential cell  
The clock pin u_ssc_ctrl/ssc_frac_reg[1]/F1/C is not reached by a timing clock
Related violations: <none>

TIMING-17#145 Critical Warning
Non-clocked sequential cell  
The clock pin u_ssc_ctrl/ssc_frac_reg[1]/F2/C is not reached by a timing clock
Related violations: <none>

TIMING-17#146 Critical Warning
Non-clocked sequential cell  
The clock pin u_ssc_ctrl/ssc_frac_reg[2]/F1/C is not reached by a timing clock
Related violations: <none>

TIMING-17#147 Critical Warning
Non-clocked sequential cell  
The clock pin u_ssc_ctrl/ssc_frac_reg[2]/F2/C is not reached by a timing clock
Related violations: <none>

TIMING-17#148 Critical Warning
Non-clocked sequential cell  
The clock pin u_ssc_ctrl/ssc_frac_reg[3]/F1/C is not reached by a timing clock
Related violations: <none>

TIMING-17#149 Critical Warning
Non-clocked sequential cell  
The clock pin u_ssc_ctrl/ssc_frac_reg[3]/F2/C is not reached by a timing clock
Related violations: <none>

TIMING-17#150 Critical Warning
Non-clocked sequential cell  
The clock pin u_ssc_ctrl/ssc_frac_reg[4]/F1/C is not reached by a timing clock
Related violations: <none>

TIMING-17#151 Critical Warning
Non-clocked sequential cell  
The clock pin u_ssc_ctrl/ssc_frac_reg[4]/F2/C is not reached by a timing clock
Related violations: <none>

TIMING-17#152 Critical Warning
Non-clocked sequential cell  
The clock pin u_ssc_ctrl/ssc_frac_reg[5]/F1/C is not reached by a timing clock
Related violations: <none>

TIMING-17#153 Critical Warning
Non-clocked sequential cell  
The clock pin u_ssc_ctrl/ssc_frac_reg[5]/F2/C is not reached by a timing clock
Related violations: <none>

TIMING-17#154 Critical Warning
Non-clocked sequential cell  
The clock pin u_ssc_ctrl/ssc_frac_reg[6]/F1/C is not reached by a timing clock
Related violations: <none>

TIMING-17#155 Critical Warning
Non-clocked sequential cell  
The clock pin u_ssc_ctrl/ssc_frac_reg[6]/F2/C is not reached by a timing clock
Related violations: <none>

TIMING-17#156 Critical Warning
Non-clocked sequential cell  
The clock pin u_ssc_ctrl/ssc_frac_reg[7]/F1/C is not reached by a timing clock
Related violations: <none>

TIMING-17#157 Critical Warning
Non-clocked sequential cell  
The clock pin u_ssc_ctrl/ssc_frac_reg[7]/F2/C is not reached by a timing clock
Related violations: <none>

TIMING-17#158 Critical Warning
Non-clocked sequential cell  
The clock pin u_ssc_ctrl/ssc_frac_reg[8]/F1/C is not reached by a timing clock
Related violations: <none>

TIMING-17#159 Critical Warning
Non-clocked sequential cell  
The clock pin u_ssc_ctrl/ssc_frac_reg[8]/F2/C is not reached by a timing clock
Related violations: <none>

TIMING-17#160 Critical Warning
Non-clocked sequential cell  
The clock pin u_ssc_ctrl/ssc_frac_reg[9]/F1/C is not reached by a timing clock
Related violations: <none>

TIMING-17#161 Critical Warning
Non-clocked sequential cell  
The clock pin u_ssc_ctrl/ssc_frac_reg[9]/F2/C is not reached by a timing clock
Related violations: <none>

TIMING-17#162 Critical Warning
Non-clocked sequential cell  
The clock pin u_ssc_ctrl/ssc_int_reg[0]/F1/C is not reached by a timing clock
Related violations: <none>

TIMING-17#163 Critical Warning
Non-clocked sequential cell  
The clock pin u_ssc_ctrl/ssc_int_reg[0]/F2/C is not reached by a timing clock
Related violations: <none>

TIMING-17#164 Critical Warning
Non-clocked sequential cell  
The clock pin u_ssc_ctrl/ssc_int_reg[1]/F1/C is not reached by a timing clock
Related violations: <none>

TIMING-17#165 Critical Warning
Non-clocked sequential cell  
The clock pin u_ssc_ctrl/ssc_int_reg[1]/F2/C is not reached by a timing clock
Related violations: <none>

TIMING-17#166 Critical Warning
Non-clocked sequential cell  
The clock pin u_ssc_ctrl/ssc_int_reg[2]/F1/C is not reached by a timing clock
Related violations: <none>

TIMING-17#167 Critical Warning
Non-clocked sequential cell  
The clock pin u_ssc_ctrl/ssc_int_reg[2]/F2/C is not reached by a timing clock
Related violations: <none>

TIMING-17#168 Critical Warning
Non-clocked sequential cell  
The clock pin u_ssc_ctrl/ssc_int_reg[3]/F1/C is not reached by a timing clock
Related violations: <none>

TIMING-17#169 Critical Warning
Non-clocked sequential cell  
The clock pin u_ssc_ctrl/ssc_int_reg[3]/F2/C is not reached by a timing clock
Related violations: <none>

TIMING-17#170 Critical Warning
Non-clocked sequential cell  
The clock pin u_ssc_ctrl/ssc_int_reg[4]/F1/C is not reached by a timing clock
Related violations: <none>

TIMING-17#171 Critical Warning
Non-clocked sequential cell  
The clock pin u_ssc_ctrl/ssc_int_reg[4]/F2/C is not reached by a timing clock
Related violations: <none>

TIMING-17#172 Critical Warning
Non-clocked sequential cell  
The clock pin u_ssc_ctrl/ssc_int_reg[5]/F1/C is not reached by a timing clock
Related violations: <none>

TIMING-17#173 Critical Warning
Non-clocked sequential cell  
The clock pin u_ssc_ctrl/ssc_int_reg[5]/F2/C is not reached by a timing clock
Related violations: <none>

TIMING-17#174 Critical Warning
Non-clocked sequential cell  
The clock pin u_ssc_ctrl/ssc_int_reg[6]/F1/C is not reached by a timing clock
Related violations: <none>

TIMING-17#175 Critical Warning
Non-clocked sequential cell  
The clock pin u_ssc_ctrl/ssc_int_reg[6]/F2/C is not reached by a timing clock
Related violations: <none>

TIMING-17#176 Critical Warning
Non-clocked sequential cell  
The clock pin u_ssc_ctrl/ssc_int_reg[7]/F1/C is not reached by a timing clock
Related violations: <none>

TIMING-17#177 Critical Warning
Non-clocked sequential cell  
The clock pin u_ssc_ctrl/ssc_int_reg[7]/F2/C is not reached by a timing clock
Related violations: <none>

DPIR-2#1 Warning
Asynchronous driver check  
DSP u_dtc_ctrl/mult input pin u_dtc_ctrl/mult/A[0] is connected to registers with an asynchronous reset. This is preventing the possibility of merging these registers in to the DSP Block since the DSP block registers only possess synchronous reset capability.  It is suggested to recode or change these registers to remove the reset or use a synchronous reset to get the best optimization for performance, power and area.
Related violations: <none>

DPIR-2#2 Warning
Asynchronous driver check  
DSP u_dtc_ctrl/mult input pin u_dtc_ctrl/mult/A[1] is connected to registers with an asynchronous reset. This is preventing the possibility of merging these registers in to the DSP Block since the DSP block registers only possess synchronous reset capability.  It is suggested to recode or change these registers to remove the reset or use a synchronous reset to get the best optimization for performance, power and area.
Related violations: <none>

DPIR-2#3 Warning
Asynchronous driver check  
DSP u_dtc_ctrl/mult input pin u_dtc_ctrl/mult/A[2] is connected to registers with an asynchronous reset. This is preventing the possibility of merging these registers in to the DSP Block since the DSP block registers only possess synchronous reset capability.  It is suggested to recode or change these registers to remove the reset or use a synchronous reset to get the best optimization for performance, power and area.
Related violations: <none>

DPIR-2#4 Warning
Asynchronous driver check  
DSP u_dtc_ctrl/mult input pin u_dtc_ctrl/mult/A[3] is connected to registers with an asynchronous reset. This is preventing the possibility of merging these registers in to the DSP Block since the DSP block registers only possess synchronous reset capability.  It is suggested to recode or change these registers to remove the reset or use a synchronous reset to get the best optimization for performance, power and area.
Related violations: <none>

DPIR-2#5 Warning
Asynchronous driver check  
DSP u_dtc_ctrl/mult input pin u_dtc_ctrl/mult/A[4] is connected to registers with an asynchronous reset. This is preventing the possibility of merging these registers in to the DSP Block since the DSP block registers only possess synchronous reset capability.  It is suggested to recode or change these registers to remove the reset or use a synchronous reset to get the best optimization for performance, power and area.
Related violations: <none>

DPIR-2#6 Warning
Asynchronous driver check  
DSP u_dtc_ctrl/mult input pin u_dtc_ctrl/mult/A[5] is connected to registers with an asynchronous reset. This is preventing the possibility of merging these registers in to the DSP Block since the DSP block registers only possess synchronous reset capability.  It is suggested to recode or change these registers to remove the reset or use a synchronous reset to get the best optimization for performance, power and area.
Related violations: <none>

DPIR-2#7 Warning
Asynchronous driver check  
DSP u_dtc_ctrl/mult input pin u_dtc_ctrl/mult/A[6] is connected to registers with an asynchronous reset. This is preventing the possibility of merging these registers in to the DSP Block since the DSP block registers only possess synchronous reset capability.  It is suggested to recode or change these registers to remove the reset or use a synchronous reset to get the best optimization for performance, power and area.
Related violations: <none>

DPIR-2#8 Warning
Asynchronous driver check  
DSP u_dtc_ctrl/mult input pin u_dtc_ctrl/mult/A[7] is connected to registers with an asynchronous reset. This is preventing the possibility of merging these registers in to the DSP Block since the DSP block registers only possess synchronous reset capability.  It is suggested to recode or change these registers to remove the reset or use a synchronous reset to get the best optimization for performance, power and area.
Related violations: <none>

DPIR-2#9 Warning
Asynchronous driver check  
DSP u_dtc_ctrl/mult input pin u_dtc_ctrl/mult/A[8] is connected to registers with an asynchronous reset. This is preventing the possibility of merging these registers in to the DSP Block since the DSP block registers only possess synchronous reset capability.  It is suggested to recode or change these registers to remove the reset or use a synchronous reset to get the best optimization for performance, power and area.
Related violations: <none>

DPIR-2#10 Warning
Asynchronous driver check  
DSP u_dtc_ctrl/mult input pin u_dtc_ctrl/mult/A[9] is connected to registers with an asynchronous reset. This is preventing the possibility of merging these registers in to the DSP Block since the DSP block registers only possess synchronous reset capability.  It is suggested to recode or change these registers to remove the reset or use a synchronous reset to get the best optimization for performance, power and area.
Related violations: <none>

LUTAR-1#1 Warning
LUT drives async reset alert  
LUT cell dbg_hub/inst/BSCANID.u_xsdbm_id/CORE_XSDB.UUT_MASTER/U_ICON_INTERFACE/U_CMD6_RD/U_RD_FIFO/SUBCORE_FIFO.xsdbm_v3_0_3_rdfifo_inst/inst_fifo_gen/gconvfifo.rf/grf.rf/rstblk/ngwrdrst.grst.g7serrst.gwrrd_rst_sync_stage[2].rrst_inst/ngwrdrst.grst.g7serrst.rd_rst_reg[2]_i_1, with 2 or more inputs, drives asynchronous preset/clear pin(s) dbg_hub/inst/BSCANID.u_xsdbm_id/CORE_XSDB.UUT_MASTER/U_ICON_INTERFACE/U_CMD6_RD/U_RD_FIFO/SUBCORE_FIFO.xsdbm_v3_0_3_rdfifo_inst/inst_fifo_gen/gconvfifo.rf/grf.rf/rstblk/ngwrdrst.grst.g7serrst.rd_rst_reg_reg[0]/PRE,
dbg_hub/inst/BSCANID.u_xsdbm_id/CORE_XSDB.UUT_MASTER/U_ICON_INTERFACE/U_CMD6_RD/U_RD_FIFO/SUBCORE_FIFO.xsdbm_v3_0_3_rdfifo_inst/inst_fifo_gen/gconvfifo.rf/grf.rf/rstblk/ngwrdrst.grst.g7serrst.rd_rst_reg_reg[1]/PRE
dbg_hub/inst/BSCANID.u_xsdbm_id/CORE_XSDB.UUT_MASTER/U_ICON_INTERFACE/U_CMD6_RD/U_RD_FIFO/SUBCORE_FIFO.xsdbm_v3_0_3_rdfifo_inst/inst_fifo_gen/gconvfifo.rf/grf.rf/rstblk/ngwrdrst.grst.g7serrst.rd_rst_reg_reg[2]/PRE. The LUT may glitch and trigger an unexpected reset, even if it is a properly timed path.
Related violations: <none>

LUTAR-1#2 Warning
LUT drives async reset alert  
LUT cell dbg_hub/inst/BSCANID.u_xsdbm_id/CORE_XSDB.UUT_MASTER/U_ICON_INTERFACE/U_CMD6_RD/U_RD_FIFO/SUBCORE_FIFO.xsdbm_v3_0_3_rdfifo_inst/inst_fifo_gen/gconvfifo.rf/grf.rf/rstblk/ngwrdrst.grst.g7serrst.gwrrd_rst_sync_stage[2].wrst_inst/ngwrdrst.grst.g7serrst.wr_rst_reg[2]_i_1, with 2 or more inputs, drives asynchronous preset/clear pin(s) dbg_hub/inst/BSCANID.u_xsdbm_id/CORE_XSDB.UUT_MASTER/U_ICON_INTERFACE/U_CMD6_RD/U_RD_FIFO/SUBCORE_FIFO.xsdbm_v3_0_3_rdfifo_inst/inst_fifo_gen/gconvfifo.rf/grf.rf/rstblk/ngwrdrst.grst.g7serrst.wr_rst_reg_reg[0]/PRE,
dbg_hub/inst/BSCANID.u_xsdbm_id/CORE_XSDB.UUT_MASTER/U_ICON_INTERFACE/U_CMD6_RD/U_RD_FIFO/SUBCORE_FIFO.xsdbm_v3_0_3_rdfifo_inst/inst_fifo_gen/gconvfifo.rf/grf.rf/rstblk/ngwrdrst.grst.g7serrst.wr_rst_reg_reg[1]/PRE
dbg_hub/inst/BSCANID.u_xsdbm_id/CORE_XSDB.UUT_MASTER/U_ICON_INTERFACE/U_CMD6_RD/U_RD_FIFO/SUBCORE_FIFO.xsdbm_v3_0_3_rdfifo_inst/inst_fifo_gen/gconvfifo.rf/grf.rf/rstblk/ngwrdrst.grst.g7serrst.wr_rst_reg_reg[2]/PRE. The LUT may glitch and trigger an unexpected reset, even if it is a properly timed path.
Related violations: <none>

LUTAR-1#3 Warning
LUT drives async reset alert  
LUT cell dbg_hub/inst/BSCANID.u_xsdbm_id/CORE_XSDB.UUT_MASTER/U_ICON_INTERFACE/U_CMD6_WR/U_WR_FIFO/SUBCORE_FIFO.xsdbm_v3_0_3_wrfifo_inst/inst_fifo_gen/gconvfifo.rf/grf.rf/rstblk/ngwrdrst.grst.g7serrst.gwrrd_rst_sync_stage[2].rrst_inst/ngwrdrst.grst.g7serrst.rd_rst_reg[2]_i_1, with 2 or more inputs, drives asynchronous preset/clear pin(s) dbg_hub/inst/BSCANID.u_xsdbm_id/CORE_XSDB.UUT_MASTER/U_ICON_INTERFACE/U_CMD6_WR/U_WR_FIFO/SUBCORE_FIFO.xsdbm_v3_0_3_wrfifo_inst/inst_fifo_gen/gconvfifo.rf/grf.rf/rstblk/ngwrdrst.grst.g7serrst.rd_rst_reg_reg[0]/PRE,
dbg_hub/inst/BSCANID.u_xsdbm_id/CORE_XSDB.UUT_MASTER/U_ICON_INTERFACE/U_CMD6_WR/U_WR_FIFO/SUBCORE_FIFO.xsdbm_v3_0_3_wrfifo_inst/inst_fifo_gen/gconvfifo.rf/grf.rf/rstblk/ngwrdrst.grst.g7serrst.rd_rst_reg_reg[1]/PRE
dbg_hub/inst/BSCANID.u_xsdbm_id/CORE_XSDB.UUT_MASTER/U_ICON_INTERFACE/U_CMD6_WR/U_WR_FIFO/SUBCORE_FIFO.xsdbm_v3_0_3_wrfifo_inst/inst_fifo_gen/gconvfifo.rf/grf.rf/rstblk/ngwrdrst.grst.g7serrst.rd_rst_reg_reg[2]/PRE. The LUT may glitch and trigger an unexpected reset, even if it is a properly timed path.
Related violations: <none>

LUTAR-1#4 Warning
LUT drives async reset alert  
LUT cell dbg_hub/inst/BSCANID.u_xsdbm_id/CORE_XSDB.UUT_MASTER/U_ICON_INTERFACE/U_CMD6_WR/U_WR_FIFO/SUBCORE_FIFO.xsdbm_v3_0_3_wrfifo_inst/inst_fifo_gen/gconvfifo.rf/grf.rf/rstblk/ngwrdrst.grst.g7serrst.gwrrd_rst_sync_stage[2].wrst_inst/ngwrdrst.grst.g7serrst.wr_rst_reg[2]_i_1, with 2 or more inputs, drives asynchronous preset/clear pin(s) dbg_hub/inst/BSCANID.u_xsdbm_id/CORE_XSDB.UUT_MASTER/U_ICON_INTERFACE/U_CMD6_WR/U_WR_FIFO/SUBCORE_FIFO.xsdbm_v3_0_3_wrfifo_inst/inst_fifo_gen/gconvfifo.rf/grf.rf/rstblk/ngwrdrst.grst.g7serrst.wr_rst_reg_reg[0]/PRE,
dbg_hub/inst/BSCANID.u_xsdbm_id/CORE_XSDB.UUT_MASTER/U_ICON_INTERFACE/U_CMD6_WR/U_WR_FIFO/SUBCORE_FIFO.xsdbm_v3_0_3_wrfifo_inst/inst_fifo_gen/gconvfifo.rf/grf.rf/rstblk/ngwrdrst.grst.g7serrst.wr_rst_reg_reg[1]/PRE
dbg_hub/inst/BSCANID.u_xsdbm_id/CORE_XSDB.UUT_MASTER/U_ICON_INTERFACE/U_CMD6_WR/U_WR_FIFO/SUBCORE_FIFO.xsdbm_v3_0_3_wrfifo_inst/inst_fifo_gen/gconvfifo.rf/grf.rf/rstblk/ngwrdrst.grst.g7serrst.wr_rst_reg_reg[2]/PRE. The LUT may glitch and trigger an unexpected reset, even if it is a properly timed path.
Related violations: <none>

LUTAR-1#5 Warning
LUT drives async reset alert  
LUT cell dbg_hub/inst/BSCANID.u_xsdbm_id/SWITCH_N_EXT_BSCAN.bscan_switch/m_bscan_sel[0]_INST_0, with 2 or more inputs, drives asynchronous preset/clear pin(s) dbg_hub/inst/BSCANID.u_xsdbm_id/CORE_XSDB.U_ICON/U_CMD/iTARGET_reg[10]/CLR,
dbg_hub/inst/BSCANID.u_xsdbm_id/CORE_XSDB.U_ICON/U_CMD/iTARGET_reg[11]/CLR,
dbg_hub/inst/BSCANID.u_xsdbm_id/CORE_XSDB.U_ICON/U_CMD/iTARGET_reg[12]/CLR,
dbg_hub/inst/BSCANID.u_xsdbm_id/CORE_XSDB.U_ICON/U_CMD/iTARGET_reg[13]/CLR,
dbg_hub/inst/BSCANID.u_xsdbm_id/CORE_XSDB.U_ICON/U_CMD/iTARGET_reg[14]/CLR,
dbg_hub/inst/BSCANID.u_xsdbm_id/CORE_XSDB.U_ICON/U_CMD/iTARGET_reg[15]/CLR,
dbg_hub/inst/BSCANID.u_xsdbm_id/CORE_XSDB.U_ICON/U_CMD/iTARGET_reg[6]/CLR,
dbg_hub/inst/BSCANID.u_xsdbm_id/CORE_XSDB.U_ICON/U_CMD/iTARGET_reg[7]/CLR,
dbg_hub/inst/BSCANID.u_xsdbm_id/CORE_XSDB.U_ICON/U_CMD/iTARGET_reg[8]/CLR
dbg_hub/inst/BSCANID.u_xsdbm_id/CORE_XSDB.U_ICON/U_CMD/iTARGET_reg[9]/CLR. The LUT may glitch and trigger an unexpected reset, even if it is a properly timed path.
Related violations: <none>

LUTAR-1#6 Warning
LUT drives async reset alert  
LUT cell u_fracn_div/u_dual_div/u_p_counter/u_ld_dff/Q_i_2__0, with 2 or more inputs, drives asynchronous preset/clear pin(s) u_fracn_div/u_dual_div/u_p_counter/BLOCK1[1].u_dff/Q_reg/CLR,
u_fracn_div/u_dual_div/u_p_counter/BLOCK1[1].u_dff/Q_reg/F1/CLR
u_fracn_div/u_dual_div/u_p_counter/BLOCK1[1].u_dff/Q_reg/L7/CLR. The LUT may glitch and trigger an unexpected reset, even if it is a properly timed path.
Related violations: <none>

LUTAR-1#7 Warning
LUT drives async reset alert  
LUT cell u_fracn_div/u_dual_div/u_p_counter/u_ld_dff/Q_i_2__1, with 2 or more inputs, drives asynchronous preset/clear pin(s) u_fracn_div/u_dual_div/u_p_counter/BLOCK1[5].u_dff/Q_reg/CLR,
u_fracn_div/u_dual_div/u_p_counter/BLOCK1[5].u_dff/Q_reg/F1/CLR
u_fracn_div/u_dual_div/u_p_counter/BLOCK1[5].u_dff/Q_reg/L7/CLR. The LUT may glitch and trigger an unexpected reset, even if it is a properly timed path.
Related violations: <none>

LUTAR-1#8 Warning
LUT drives async reset alert  
LUT cell u_fracn_div/u_dual_div/u_p_counter/u_ld_dff/Q_i_2__2, with 2 or more inputs, drives asynchronous preset/clear pin(s) u_fracn_div/u_dual_div/u_p_counter/BLOCK1[4].u_dff/Q_reg/CLR,
u_fracn_div/u_dual_div/u_p_counter/BLOCK1[4].u_dff/Q_reg/F1/CLR
u_fracn_div/u_dual_div/u_p_counter/BLOCK1[4].u_dff/Q_reg/L7/CLR. The LUT may glitch and trigger an unexpected reset, even if it is a properly timed path.
Related violations: <none>

LUTAR-1#9 Warning
LUT drives async reset alert  
LUT cell u_fracn_div/u_dual_div/u_p_counter/u_ld_dff/Q_i_2__3, with 2 or more inputs, drives asynchronous preset/clear pin(s) u_fracn_div/u_dual_div/u_p_counter/BLOCK1[3].u_dff/Q_reg/CLR,
u_fracn_div/u_dual_div/u_p_counter/BLOCK1[3].u_dff/Q_reg/F1/CLR
u_fracn_div/u_dual_div/u_p_counter/BLOCK1[3].u_dff/Q_reg/L7/CLR. The LUT may glitch and trigger an unexpected reset, even if it is a properly timed path.
Related violations: <none>

LUTAR-1#10 Warning
LUT drives async reset alert  
LUT cell u_fracn_div/u_dual_div/u_p_counter/u_ld_dff/Q_i_2__4, with 2 or more inputs, drives asynchronous preset/clear pin(s) u_fracn_div/u_dual_div/u_p_counter/BLOCK1[2].u_dff/Q_reg/CLR,
u_fracn_div/u_dual_div/u_p_counter/BLOCK1[2].u_dff/Q_reg/F1/CLR
u_fracn_div/u_dual_div/u_p_counter/BLOCK1[2].u_dff/Q_reg/L7/CLR. The LUT may glitch and trigger an unexpected reset, even if it is a properly timed path.
Related violations: <none>

LUTAR-1#11 Warning
LUT drives async reset alert  
LUT cell u_fracn_div/u_dual_div/u_p_counter/u_ld_dff/Q_i_2__5, with 2 or more inputs, drives asynchronous preset/clear pin(s) u_fracn_div/u_dual_div/u_p_counter/BLOCK1[0].u_dff/Q_reg/CLR,
u_fracn_div/u_dual_div/u_p_counter/BLOCK1[0].u_dff/Q_reg/F1/CLR
u_fracn_div/u_dual_div/u_p_counter/BLOCK1[0].u_dff/Q_reg/L7/CLR. The LUT may glitch and trigger an unexpected reset, even if it is a properly timed path.
Related violations: <none>

LUTAR-1#12 Warning
LUT drives async reset alert  
LUT cell u_fracn_div/u_dual_div/u_p_counter/u_ld_dff/Q_i_3, with 2 or more inputs, drives asynchronous preset/clear pin(s) u_fracn_div/u_dual_div/u_p_counter/BLOCK1[0].u_dff/Q_reg/F2/PRE
u_fracn_div/u_dual_div/u_p_counter/BLOCK1[0].u_dff/Q_reg/PRE. The LUT may glitch and trigger an unexpected reset, even if it is a properly timed path.
Related violations: <none>

LUTAR-1#13 Warning
LUT drives async reset alert  
LUT cell u_fracn_div/u_dual_div/u_p_counter/u_ld_dff/Q_i_3__0, with 2 or more inputs, drives asynchronous preset/clear pin(s) u_fracn_div/u_dual_div/u_p_counter/BLOCK1[1].u_dff/Q_reg/F2/PRE
u_fracn_div/u_dual_div/u_p_counter/BLOCK1[1].u_dff/Q_reg/PRE. The LUT may glitch and trigger an unexpected reset, even if it is a properly timed path.
Related violations: <none>

LUTAR-1#14 Warning
LUT drives async reset alert  
LUT cell u_fracn_div/u_dual_div/u_p_counter/u_ld_dff/Q_i_3__1, with 2 or more inputs, drives asynchronous preset/clear pin(s) u_fracn_div/u_dual_div/u_p_counter/BLOCK1[2].u_dff/Q_reg/F2/PRE
u_fracn_div/u_dual_div/u_p_counter/BLOCK1[2].u_dff/Q_reg/PRE. The LUT may glitch and trigger an unexpected reset, even if it is a properly timed path.
Related violations: <none>

LUTAR-1#15 Warning
LUT drives async reset alert  
LUT cell u_fracn_div/u_dual_div/u_p_counter/u_ld_dff/Q_i_3__2, with 2 or more inputs, drives asynchronous preset/clear pin(s) u_fracn_div/u_dual_div/u_p_counter/BLOCK1[3].u_dff/Q_reg/F2/PRE
u_fracn_div/u_dual_div/u_p_counter/BLOCK1[3].u_dff/Q_reg/PRE. The LUT may glitch and trigger an unexpected reset, even if it is a properly timed path.
Related violations: <none>

LUTAR-1#16 Warning
LUT drives async reset alert  
LUT cell u_fracn_div/u_dual_div/u_p_counter/u_ld_dff/Q_i_3__3, with 2 or more inputs, drives asynchronous preset/clear pin(s) u_fracn_div/u_dual_div/u_p_counter/BLOCK1[4].u_dff/Q_reg/F2/PRE
u_fracn_div/u_dual_div/u_p_counter/BLOCK1[4].u_dff/Q_reg/PRE. The LUT may glitch and trigger an unexpected reset, even if it is a properly timed path.
Related violations: <none>

LUTAR-1#17 Warning
LUT drives async reset alert  
LUT cell u_fracn_div/u_dual_div/u_p_counter/u_ld_dff/Q_i_3__4, with 2 or more inputs, drives asynchronous preset/clear pin(s) u_fracn_div/u_dual_div/u_p_counter/BLOCK1[5].u_dff/Q_reg/F2/PRE
u_fracn_div/u_dual_div/u_p_counter/BLOCK1[5].u_dff/Q_reg/PRE. The LUT may glitch and trigger an unexpected reset, even if it is a properly timed path.
Related violations: <none>

LUTAR-1#18 Warning
LUT drives async reset alert  
LUT cell u_fracn_div/u_dual_div/u_s_counter/BLOCK1[0].u_dff/Q_i_2__0, with 2 or more inputs, drives asynchronous preset/clear pin(s) u_fracn_div/u_dual_div/u_s_counter/BLOCK1[0].u_dff/Q_reg/CLR,
u_fracn_div/u_dual_div/u_s_counter/BLOCK1[0].u_dff/Q_reg/F1/CLR
u_fracn_div/u_dual_div/u_s_counter/BLOCK1[0].u_dff/Q_reg/L7/CLR. The LUT may glitch and trigger an unexpected reset, even if it is a properly timed path.
Related violations: <none>

LUTAR-1#19 Warning
LUT drives async reset alert  
LUT cell u_fracn_div/u_dual_div/u_s_counter/BLOCK1[0].u_dff/Q_i_3, with 2 or more inputs, drives asynchronous preset/clear pin(s) u_fracn_div/u_dual_div/u_s_counter/BLOCK1[0].u_dff/Q_reg/F2/PRE
u_fracn_div/u_dual_div/u_s_counter/BLOCK1[0].u_dff/Q_reg/PRE. The LUT may glitch and trigger an unexpected reset, even if it is a properly timed path.
Related violations: <none>

LUTAR-1#20 Warning
LUT drives async reset alert  
LUT cell u_fracn_div/u_dual_div/u_s_counter/BLOCK1[1].u_dff/Q_i_2__1, with 2 or more inputs, drives asynchronous preset/clear pin(s) u_fracn_div/u_dual_div/u_s_counter/BLOCK1[1].u_dff/Q_reg/CLR,
u_fracn_div/u_dual_div/u_s_counter/BLOCK1[1].u_dff/Q_reg/F1/CLR
u_fracn_div/u_dual_div/u_s_counter/BLOCK1[1].u_dff/Q_reg/L7/CLR. The LUT may glitch and trigger an unexpected reset, even if it is a properly timed path.
Related violations: <none>

LUTAR-1#21 Warning
LUT drives async reset alert  
LUT cell u_fracn_div/u_dual_div/u_s_counter/BLOCK1[1].u_dff/Q_i_3__0, with 2 or more inputs, drives asynchronous preset/clear pin(s) u_fracn_div/u_dual_div/u_s_counter/BLOCK1[1].u_dff/Q_reg/F2/PRE
u_fracn_div/u_dual_div/u_s_counter/BLOCK1[1].u_dff/Q_reg/PRE. The LUT may glitch and trigger an unexpected reset, even if it is a properly timed path.
Related violations: <none>

LUTAR-1#22 Warning
LUT drives async reset alert  
LUT cell u_fracn_div/u_sync_rstn_dff/real_integer[0]_i_2, with 2 or more inputs, drives asynchronous preset/clear pin(s) u_fracn_div/u_calculate_ps/real_integer_reg[0]/CLR,
u_fracn_div/u_calculate_ps/real_integer_reg[0]/F1/CLR
u_fracn_div/u_calculate_ps/real_integer_reg[0]/L7/CLR. The LUT may glitch and trigger an unexpected reset, even if it is a properly timed path.
Related violations: <none>

LUTAR-1#23 Warning
LUT drives async reset alert  
LUT cell u_fracn_div/u_sync_rstn_dff/real_integer[0]_i_3, with 2 or more inputs, drives asynchronous preset/clear pin(s) u_fracn_div/u_calculate_ps/real_integer_reg[0]/F2/PRE
u_fracn_div/u_calculate_ps/real_integer_reg[0]/PRE. The LUT may glitch and trigger an unexpected reset, even if it is a properly timed path.
Related violations: <none>

LUTAR-1#24 Warning
LUT drives async reset alert  
LUT cell u_fracn_div/u_sync_rstn_dff/real_integer[1]_i_2, with 2 or more inputs, drives asynchronous preset/clear pin(s) u_fracn_div/u_calculate_ps/real_integer_reg[1]/CLR,
u_fracn_div/u_calculate_ps/real_integer_reg[1]/F1/CLR
u_fracn_div/u_calculate_ps/real_integer_reg[1]/L7/CLR. The LUT may glitch and trigger an unexpected reset, even if it is a properly timed path.
Related violations: <none>

LUTAR-1#25 Warning
LUT drives async reset alert  
LUT cell u_fracn_div/u_sync_rstn_dff/real_integer[1]_i_3, with 2 or more inputs, drives asynchronous preset/clear pin(s) u_fracn_div/u_calculate_ps/real_integer_reg[1]/F2/PRE
u_fracn_div/u_calculate_ps/real_integer_reg[1]/PRE. The LUT may glitch and trigger an unexpected reset, even if it is a properly timed path.
Related violations: <none>

LUTAR-1#26 Warning
LUT drives async reset alert  
LUT cell u_fracn_div/u_sync_rstn_dff/real_integer[2]_i_2, with 2 or more inputs, drives asynchronous preset/clear pin(s) u_fracn_div/u_calculate_ps/real_integer_reg[2]/CLR,
u_fracn_div/u_calculate_ps/real_integer_reg[2]/F1/CLR
u_fracn_div/u_calculate_ps/real_integer_reg[2]/L7/CLR. The LUT may glitch and trigger an unexpected reset, even if it is a properly timed path.
Related violations: <none>

LUTAR-1#27 Warning
LUT drives async reset alert  
LUT cell u_fracn_div/u_sync_rstn_dff/real_integer[2]_i_3, with 2 or more inputs, drives asynchronous preset/clear pin(s) u_fracn_div/u_calculate_ps/real_integer_reg[2]/F2/PRE
u_fracn_div/u_calculate_ps/real_integer_reg[2]/PRE. The LUT may glitch and trigger an unexpected reset, even if it is a properly timed path.
Related violations: <none>

LUTAR-1#28 Warning
LUT drives async reset alert  
LUT cell u_fracn_div/u_sync_rstn_dff/real_integer[3]_i_2, with 2 or more inputs, drives asynchronous preset/clear pin(s) u_fracn_div/u_calculate_ps/real_integer_reg[3]/CLR,
u_fracn_div/u_calculate_ps/real_integer_reg[3]/F1/CLR
u_fracn_div/u_calculate_ps/real_integer_reg[3]/L7/CLR. The LUT may glitch and trigger an unexpected reset, even if it is a properly timed path.
Related violations: <none>

LUTAR-1#29 Warning
LUT drives async reset alert  
LUT cell u_fracn_div/u_sync_rstn_dff/real_integer[3]_i_3, with 2 or more inputs, drives asynchronous preset/clear pin(s) u_fracn_div/u_calculate_ps/real_integer_reg[3]/F2/PRE
u_fracn_div/u_calculate_ps/real_integer_reg[3]/PRE. The LUT may glitch and trigger an unexpected reset, even if it is a properly timed path.
Related violations: <none>

LUTAR-1#30 Warning
LUT drives async reset alert  
LUT cell u_fracn_div/u_sync_rstn_dff/real_integer[4]_i_2, with 2 or more inputs, drives asynchronous preset/clear pin(s) u_fracn_div/u_calculate_ps/real_integer_reg[4]/CLR,
u_fracn_div/u_calculate_ps/real_integer_reg[4]/F1/CLR
u_fracn_div/u_calculate_ps/real_integer_reg[4]/L7/CLR. The LUT may glitch and trigger an unexpected reset, even if it is a properly timed path.
Related violations: <none>

LUTAR-1#31 Warning
LUT drives async reset alert  
LUT cell u_fracn_div/u_sync_rstn_dff/real_integer[4]_i_3, with 2 or more inputs, drives asynchronous preset/clear pin(s) u_fracn_div/u_calculate_ps/real_integer_reg[4]/F2/PRE
u_fracn_div/u_calculate_ps/real_integer_reg[4]/PRE. The LUT may glitch and trigger an unexpected reset, even if it is a properly timed path.
Related violations: <none>

LUTAR-1#32 Warning
LUT drives async reset alert  
LUT cell u_fracn_div/u_sync_rstn_dff/real_integer[5]_i_2, with 2 or more inputs, drives asynchronous preset/clear pin(s) u_fracn_div/u_calculate_ps/real_integer_reg[5]/CLR,
u_fracn_div/u_calculate_ps/real_integer_reg[5]/F1/CLR
u_fracn_div/u_calculate_ps/real_integer_reg[5]/L7/CLR. The LUT may glitch and trigger an unexpected reset, even if it is a properly timed path.
Related violations: <none>

LUTAR-1#33 Warning
LUT drives async reset alert  
LUT cell u_fracn_div/u_sync_rstn_dff/real_integer[5]_i_3, with 2 or more inputs, drives asynchronous preset/clear pin(s) u_fracn_div/u_calculate_ps/real_integer_reg[5]/F2/PRE
u_fracn_div/u_calculate_ps/real_integer_reg[5]/PRE. The LUT may glitch and trigger an unexpected reset, even if it is a properly timed path.
Related violations: <none>

LUTAR-1#34 Warning
LUT drives async reset alert  
LUT cell u_fracn_div/u_sync_rstn_dff/real_integer[6]_i_2, with 2 or more inputs, drives asynchronous preset/clear pin(s) u_fracn_div/u_calculate_ps/real_integer_reg[6]/CLR,
u_fracn_div/u_calculate_ps/real_integer_reg[6]/F1/CLR
u_fracn_div/u_calculate_ps/real_integer_reg[6]/L7/CLR. The LUT may glitch and trigger an unexpected reset, even if it is a properly timed path.
Related violations: <none>

LUTAR-1#35 Warning
LUT drives async reset alert  
LUT cell u_fracn_div/u_sync_rstn_dff/real_integer[6]_i_3, with 2 or more inputs, drives asynchronous preset/clear pin(s) u_fracn_div/u_calculate_ps/real_integer_reg[6]/F2/PRE
u_fracn_div/u_calculate_ps/real_integer_reg[6]/PRE. The LUT may glitch and trigger an unexpected reset, even if it is a properly timed path.
Related violations: <none>

LUTAR-1#36 Warning
LUT drives async reset alert  
LUT cell u_fracn_div/u_sync_rstn_dff/real_integer[7]_i_3, with 2 or more inputs, drives asynchronous preset/clear pin(s) u_fracn_div/u_calculate_ps/real_integer_reg[7]/CLR,
u_fracn_div/u_calculate_ps/real_integer_reg[7]/F1/CLR
u_fracn_div/u_calculate_ps/real_integer_reg[7]/L7/CLR. The LUT may glitch and trigger an unexpected reset, even if it is a properly timed path.
Related violations: <none>

LUTAR-1#37 Warning
LUT drives async reset alert  
LUT cell u_fracn_div/u_sync_rstn_dff/real_integer[7]_i_4, with 2 or more inputs, drives asynchronous preset/clear pin(s) u_fracn_div/u_calculate_ps/real_integer_reg[7]/F2/PRE
u_fracn_div/u_calculate_ps/real_integer_reg[7]/PRE. The LUT may glitch and trigger an unexpected reset, even if it is a properly timed path.
Related violations: <none>

LUTAR-1#38 Warning
LUT drives async reset alert  
LUT cell u_ssc_ctrl/ssc_frac[0]_i_2, with 2 or more inputs, drives asynchronous preset/clear pin(s) u_ssc_ctrl/ssc_frac_reg[0]/CLR, u_ssc_ctrl/ssc_frac_reg[0]/F1/CLR
u_ssc_ctrl/ssc_frac_reg[0]/L7/CLR. The LUT may glitch and trigger an unexpected reset, even if it is a properly timed path.
Related violations: <none>

LUTAR-1#39 Warning
LUT drives async reset alert  
LUT cell u_ssc_ctrl/ssc_frac[0]_i_3, with 2 or more inputs, drives asynchronous preset/clear pin(s) u_ssc_ctrl/ssc_frac_reg[0]/F2/PRE, u_ssc_ctrl/ssc_frac_reg[0]/PRE. The LUT may glitch and trigger an unexpected reset, even if it is a properly timed path.
Related violations: <none>

LUTAR-1#40 Warning
LUT drives async reset alert  
LUT cell u_ssc_ctrl/ssc_frac[1]_i_2, with 2 or more inputs, drives asynchronous preset/clear pin(s) u_ssc_ctrl/ssc_frac_reg[1]/CLR, u_ssc_ctrl/ssc_frac_reg[1]/F1/CLR
u_ssc_ctrl/ssc_frac_reg[1]/L7/CLR. The LUT may glitch and trigger an unexpected reset, even if it is a properly timed path.
Related violations: <none>

LUTAR-1#41 Warning
LUT drives async reset alert  
LUT cell u_ssc_ctrl/ssc_frac[1]_i_3, with 2 or more inputs, drives asynchronous preset/clear pin(s) u_ssc_ctrl/ssc_frac_reg[1]/F2/PRE, u_ssc_ctrl/ssc_frac_reg[1]/PRE. The LUT may glitch and trigger an unexpected reset, even if it is a properly timed path.
Related violations: <none>

LUTAR-1#42 Warning
LUT drives async reset alert  
LUT cell u_ssc_ctrl/ssc_frac[2]_i_2, with 2 or more inputs, drives asynchronous preset/clear pin(s) u_ssc_ctrl/ssc_frac_reg[2]/CLR, u_ssc_ctrl/ssc_frac_reg[2]/F1/CLR
u_ssc_ctrl/ssc_frac_reg[2]/L7/CLR. The LUT may glitch and trigger an unexpected reset, even if it is a properly timed path.
Related violations: <none>

LUTAR-1#43 Warning
LUT drives async reset alert  
LUT cell u_ssc_ctrl/ssc_frac[2]_i_3, with 2 or more inputs, drives asynchronous preset/clear pin(s) u_ssc_ctrl/ssc_frac_reg[2]/F2/PRE, u_ssc_ctrl/ssc_frac_reg[2]/PRE. The LUT may glitch and trigger an unexpected reset, even if it is a properly timed path.
Related violations: <none>

LUTAR-1#44 Warning
LUT drives async reset alert  
LUT cell u_ssc_ctrl/ssc_frac[3]_i_2, with 2 or more inputs, drives asynchronous preset/clear pin(s) u_ssc_ctrl/ssc_frac_reg[3]/CLR, u_ssc_ctrl/ssc_frac_reg[3]/F1/CLR
u_ssc_ctrl/ssc_frac_reg[3]/L7/CLR. The LUT may glitch and trigger an unexpected reset, even if it is a properly timed path.
Related violations: <none>

LUTAR-1#45 Warning
LUT drives async reset alert  
LUT cell u_ssc_ctrl/ssc_frac[3]_i_3, with 2 or more inputs, drives asynchronous preset/clear pin(s) u_ssc_ctrl/ssc_frac_reg[3]/F2/PRE, u_ssc_ctrl/ssc_frac_reg[3]/PRE. The LUT may glitch and trigger an unexpected reset, even if it is a properly timed path.
Related violations: <none>

LUTAR-1#46 Warning
LUT drives async reset alert  
LUT cell u_ssc_ctrl/ssc_frac[4]_i_2, with 2 or more inputs, drives asynchronous preset/clear pin(s) u_ssc_ctrl/ssc_frac_reg[4]/CLR, u_ssc_ctrl/ssc_frac_reg[4]/F1/CLR
u_ssc_ctrl/ssc_frac_reg[4]/L7/CLR. The LUT may glitch and trigger an unexpected reset, even if it is a properly timed path.
Related violations: <none>

LUTAR-1#47 Warning
LUT drives async reset alert  
LUT cell u_ssc_ctrl/ssc_frac[4]_i_3, with 2 or more inputs, drives asynchronous preset/clear pin(s) u_ssc_ctrl/ssc_frac_reg[4]/F2/PRE, u_ssc_ctrl/ssc_frac_reg[4]/PRE. The LUT may glitch and trigger an unexpected reset, even if it is a properly timed path.
Related violations: <none>

LUTAR-1#48 Warning
LUT drives async reset alert  
LUT cell u_ssc_ctrl/ssc_frac[5]_i_2, with 2 or more inputs, drives asynchronous preset/clear pin(s) u_ssc_ctrl/ssc_frac_reg[5]/CLR, u_ssc_ctrl/ssc_frac_reg[5]/F1/CLR
u_ssc_ctrl/ssc_frac_reg[5]/L7/CLR. The LUT may glitch and trigger an unexpected reset, even if it is a properly timed path.
Related violations: <none>

LUTAR-1#49 Warning
LUT drives async reset alert  
LUT cell u_ssc_ctrl/ssc_frac[5]_i_3, with 2 or more inputs, drives asynchronous preset/clear pin(s) u_ssc_ctrl/ssc_frac_reg[5]/F2/PRE, u_ssc_ctrl/ssc_frac_reg[5]/PRE. The LUT may glitch and trigger an unexpected reset, even if it is a properly timed path.
Related violations: <none>

LUTAR-1#50 Warning
LUT drives async reset alert  
LUT cell u_ssc_ctrl/ssc_frac[6]_i_2, with 2 or more inputs, drives asynchronous preset/clear pin(s) u_ssc_ctrl/ssc_frac_reg[6]/CLR, u_ssc_ctrl/ssc_frac_reg[6]/F1/CLR
u_ssc_ctrl/ssc_frac_reg[6]/L7/CLR. The LUT may glitch and trigger an unexpected reset, even if it is a properly timed path.
Related violations: <none>

LUTAR-1#51 Warning
LUT drives async reset alert  
LUT cell u_ssc_ctrl/ssc_frac[6]_i_3, with 2 or more inputs, drives asynchronous preset/clear pin(s) u_ssc_ctrl/ssc_frac_reg[6]/F2/PRE, u_ssc_ctrl/ssc_frac_reg[6]/PRE. The LUT may glitch and trigger an unexpected reset, even if it is a properly timed path.
Related violations: <none>

LUTAR-1#52 Warning
LUT drives async reset alert  
LUT cell u_ssc_ctrl/ssc_frac[7]_i_2, with 2 or more inputs, drives asynchronous preset/clear pin(s) u_ssc_ctrl/ssc_frac_reg[7]/CLR, u_ssc_ctrl/ssc_frac_reg[7]/F1/CLR
u_ssc_ctrl/ssc_frac_reg[7]/L7/CLR. The LUT may glitch and trigger an unexpected reset, even if it is a properly timed path.
Related violations: <none>

LUTAR-1#53 Warning
LUT drives async reset alert  
LUT cell u_ssc_ctrl/ssc_frac[7]_i_3, with 2 or more inputs, drives asynchronous preset/clear pin(s) u_ssc_ctrl/ssc_frac_reg[7]/F2/PRE, u_ssc_ctrl/ssc_frac_reg[7]/PRE. The LUT may glitch and trigger an unexpected reset, even if it is a properly timed path.
Related violations: <none>

LUTAR-1#54 Warning
LUT drives async reset alert  
LUT cell u_ssc_ctrl/ssc_frac[8]_i_2, with 2 or more inputs, drives asynchronous preset/clear pin(s) u_ssc_ctrl/ssc_frac_reg[8]/CLR, u_ssc_ctrl/ssc_frac_reg[8]/F1/CLR
u_ssc_ctrl/ssc_frac_reg[8]/L7/CLR. The LUT may glitch and trigger an unexpected reset, even if it is a properly timed path.
Related violations: <none>

LUTAR-1#55 Warning
LUT drives async reset alert  
LUT cell u_ssc_ctrl/ssc_frac[8]_i_3, with 2 or more inputs, drives asynchronous preset/clear pin(s) u_ssc_ctrl/ssc_frac_reg[8]/F2/PRE, u_ssc_ctrl/ssc_frac_reg[8]/PRE. The LUT may glitch and trigger an unexpected reset, even if it is a properly timed path.
Related violations: <none>

LUTAR-1#56 Warning
LUT drives async reset alert  
LUT cell u_ssc_ctrl/ssc_frac[9]_i_2, with 2 or more inputs, drives asynchronous preset/clear pin(s) u_ssc_ctrl/ssc_frac_reg[9]/CLR, u_ssc_ctrl/ssc_frac_reg[9]/F1/CLR
u_ssc_ctrl/ssc_frac_reg[9]/L7/CLR. The LUT may glitch and trigger an unexpected reset, even if it is a properly timed path.
Related violations: <none>

LUTAR-1#57 Warning
LUT drives async reset alert  
LUT cell u_ssc_ctrl/ssc_frac[9]_i_3, with 2 or more inputs, drives asynchronous preset/clear pin(s) u_ssc_ctrl/ssc_frac_reg[9]/F2/PRE, u_ssc_ctrl/ssc_frac_reg[9]/PRE. The LUT may glitch and trigger an unexpected reset, even if it is a properly timed path.
Related violations: <none>

LUTAR-1#58 Warning
LUT drives async reset alert  
LUT cell u_ssc_ctrl/ssc_int[0]_i_2, with 2 or more inputs, drives asynchronous preset/clear pin(s) u_ssc_ctrl/ssc_int_reg[0]/CLR, u_ssc_ctrl/ssc_int_reg[0]/F1/CLR
u_ssc_ctrl/ssc_int_reg[0]/L7/CLR. The LUT may glitch and trigger an unexpected reset, even if it is a properly timed path.
Related violations: <none>

LUTAR-1#59 Warning
LUT drives async reset alert  
LUT cell u_ssc_ctrl/ssc_int[0]_i_3, with 2 or more inputs, drives asynchronous preset/clear pin(s) u_ssc_ctrl/ssc_int_reg[0]/F2/PRE, u_ssc_ctrl/ssc_int_reg[0]/PRE. The LUT may glitch and trigger an unexpected reset, even if it is a properly timed path.
Related violations: <none>

LUTAR-1#60 Warning
LUT drives async reset alert  
LUT cell u_ssc_ctrl/ssc_int[1]_i_2, with 2 or more inputs, drives asynchronous preset/clear pin(s) u_ssc_ctrl/ssc_int_reg[1]/CLR, u_ssc_ctrl/ssc_int_reg[1]/F1/CLR
u_ssc_ctrl/ssc_int_reg[1]/L7/CLR. The LUT may glitch and trigger an unexpected reset, even if it is a properly timed path.
Related violations: <none>

LUTAR-1#61 Warning
LUT drives async reset alert  
LUT cell u_ssc_ctrl/ssc_int[1]_i_3, with 2 or more inputs, drives asynchronous preset/clear pin(s) u_ssc_ctrl/ssc_int_reg[1]/F2/PRE, u_ssc_ctrl/ssc_int_reg[1]/PRE. The LUT may glitch and trigger an unexpected reset, even if it is a properly timed path.
Related violations: <none>

LUTAR-1#62 Warning
LUT drives async reset alert  
LUT cell u_ssc_ctrl/ssc_int[2]_i_2, with 2 or more inputs, drives asynchronous preset/clear pin(s) u_ssc_ctrl/ssc_int_reg[2]/CLR, u_ssc_ctrl/ssc_int_reg[2]/F1/CLR
u_ssc_ctrl/ssc_int_reg[2]/L7/CLR. The LUT may glitch and trigger an unexpected reset, even if it is a properly timed path.
Related violations: <none>

LUTAR-1#63 Warning
LUT drives async reset alert  
LUT cell u_ssc_ctrl/ssc_int[2]_i_3, with 2 or more inputs, drives asynchronous preset/clear pin(s) u_ssc_ctrl/ssc_int_reg[2]/F2/PRE, u_ssc_ctrl/ssc_int_reg[2]/PRE. The LUT may glitch and trigger an unexpected reset, even if it is a properly timed path.
Related violations: <none>

LUTAR-1#64 Warning
LUT drives async reset alert  
LUT cell u_ssc_ctrl/ssc_int[3]_i_2, with 2 or more inputs, drives asynchronous preset/clear pin(s) u_ssc_ctrl/ssc_int_reg[3]/CLR, u_ssc_ctrl/ssc_int_reg[3]/F1/CLR
u_ssc_ctrl/ssc_int_reg[3]/L7/CLR. The LUT may glitch and trigger an unexpected reset, even if it is a properly timed path.
Related violations: <none>

LUTAR-1#65 Warning
LUT drives async reset alert  
LUT cell u_ssc_ctrl/ssc_int[3]_i_3, with 2 or more inputs, drives asynchronous preset/clear pin(s) u_ssc_ctrl/ssc_int_reg[3]/F2/PRE, u_ssc_ctrl/ssc_int_reg[3]/PRE. The LUT may glitch and trigger an unexpected reset, even if it is a properly timed path.
Related violations: <none>

LUTAR-1#66 Warning
LUT drives async reset alert  
LUT cell u_ssc_ctrl/ssc_int[4]_i_2, with 2 or more inputs, drives asynchronous preset/clear pin(s) u_ssc_ctrl/ssc_int_reg[4]/CLR, u_ssc_ctrl/ssc_int_reg[4]/F1/CLR
u_ssc_ctrl/ssc_int_reg[4]/L7/CLR. The LUT may glitch and trigger an unexpected reset, even if it is a properly timed path.
Related violations: <none>

LUTAR-1#67 Warning
LUT drives async reset alert  
LUT cell u_ssc_ctrl/ssc_int[4]_i_3, with 2 or more inputs, drives asynchronous preset/clear pin(s) u_ssc_ctrl/ssc_int_reg[4]/F2/PRE, u_ssc_ctrl/ssc_int_reg[4]/PRE. The LUT may glitch and trigger an unexpected reset, even if it is a properly timed path.
Related violations: <none>

LUTAR-1#68 Warning
LUT drives async reset alert  
LUT cell u_ssc_ctrl/ssc_int[5]_i_2, with 2 or more inputs, drives asynchronous preset/clear pin(s) u_ssc_ctrl/ssc_int_reg[5]/CLR, u_ssc_ctrl/ssc_int_reg[5]/F1/CLR
u_ssc_ctrl/ssc_int_reg[5]/L7/CLR. The LUT may glitch and trigger an unexpected reset, even if it is a properly timed path.
Related violations: <none>

LUTAR-1#69 Warning
LUT drives async reset alert  
LUT cell u_ssc_ctrl/ssc_int[5]_i_3, with 2 or more inputs, drives asynchronous preset/clear pin(s) u_ssc_ctrl/ssc_int_reg[5]/F2/PRE, u_ssc_ctrl/ssc_int_reg[5]/PRE. The LUT may glitch and trigger an unexpected reset, even if it is a properly timed path.
Related violations: <none>

LUTAR-1#70 Warning
LUT drives async reset alert  
LUT cell u_ssc_ctrl/ssc_int[6]_i_2, with 2 or more inputs, drives asynchronous preset/clear pin(s) u_ssc_ctrl/ssc_int_reg[6]/CLR, u_ssc_ctrl/ssc_int_reg[6]/F1/CLR
u_ssc_ctrl/ssc_int_reg[6]/L7/CLR. The LUT may glitch and trigger an unexpected reset, even if it is a properly timed path.
Related violations: <none>

LUTAR-1#71 Warning
LUT drives async reset alert  
LUT cell u_ssc_ctrl/ssc_int[6]_i_3, with 2 or more inputs, drives asynchronous preset/clear pin(s) u_ssc_ctrl/ssc_int_reg[6]/F2/PRE, u_ssc_ctrl/ssc_int_reg[6]/PRE. The LUT may glitch and trigger an unexpected reset, even if it is a properly timed path.
Related violations: <none>

LUTAR-1#72 Warning
LUT drives async reset alert  
LUT cell u_ssc_ctrl/ssc_int[7]_i_2, with 2 or more inputs, drives asynchronous preset/clear pin(s) u_ssc_ctrl/ssc_int_reg[7]/CLR, u_ssc_ctrl/ssc_int_reg[7]/F1/CLR
u_ssc_ctrl/ssc_int_reg[7]/L7/CLR. The LUT may glitch and trigger an unexpected reset, even if it is a properly timed path.
Related violations: <none>

LUTAR-1#73 Warning
LUT drives async reset alert  
LUT cell u_ssc_ctrl/ssc_int[7]_i_3, with 2 or more inputs, drives asynchronous preset/clear pin(s) u_ssc_ctrl/ssc_int_reg[7]/F2/PRE, u_ssc_ctrl/ssc_int_reg[7]/PRE. The LUT may glitch and trigger an unexpected reset, even if it is a properly timed path.
Related violations: <none>

TIMING-9#1 Warning
Unknown CDC Logic  
One or more asynchronous Clock Domain Crossing has been detected between 2 clock domains through a set_false_path or a set_clock_groups or set_max_delay -datapath_only constraint but no double-registers logic synchronizer has been found on the side of the capture clock. It is recommended to run report_cdc for a complete and detailed CDC coverage. Please consider using XPM_CDC to avoid Critical severities
Related violations: <none>

TIMING-16#1 Warning
Large setup violation  
There is a large setup violation of -1.000 ns between u_fracn_div/u_dual_div/u_p_counter/u_ld_dff/Q_reg/C (clocked by f45) and u_fracn_div/u_dual_div/u_ila_dualdiv/inst/ila_core_inst/shifted_data_in_reg[7][8]_srl8_srlopt/D (clocked by sys_clk_p). Large setup violations at the end of those stages might be difficult to fix during the post-placement implementation flow and could be the result of non-optimal XDC constraints or non-optimal design architecture
Related violations: <none>

TIMING-16#2 Warning
Large setup violation  
There is a large setup violation of -1.007 ns between u_vio/inst/PROBE_OUT_ALL_INST/G_PROBE_OUT[6].PROBE_OUT0_INST/Probe_out_reg[0]/C (clocked by sys_clk_p) and u_lut_dtc_top/tdc_counter_reg[7]/D (clocked by clk_out_pll). Large setup violations at the end of those stages might be difficult to fix during the post-placement implementation flow and could be the result of non-optimal XDC constraints or non-optimal design architecture
Related violations: <none>

TIMING-16#3 Warning
Large setup violation  
There is a large setup violation of -1.034 ns between u_vio/inst/PROBE_OUT_ALL_INST/G_PROBE_OUT[6].PROBE_OUT0_INST/Probe_out_reg[0]/C (clocked by sys_clk_p) and u_lut_dtc_top/tdc_counter_reg[2]/D (clocked by clk_out_pll). Large setup violations at the end of those stages might be difficult to fix during the post-placement implementation flow and could be the result of non-optimal XDC constraints or non-optimal design architecture
Related violations: <none>

TIMING-16#4 Warning
Large setup violation  
There is a large setup violation of -1.081 ns between u_vio/inst/PROBE_OUT_ALL_INST/G_PROBE_OUT[6].PROBE_OUT0_INST/Probe_out_reg[0]/C (clocked by sys_clk_p) and u_lut_dtc_top/tdc_counter_reg[4]/D (clocked by clk_out_pll). Large setup violations at the end of those stages might be difficult to fix during the post-placement implementation flow and could be the result of non-optimal XDC constraints or non-optimal design architecture
Related violations: <none>

TIMING-16#5 Warning
Large setup violation  
There is a large setup violation of -1.112 ns between u_vio_test_clk/inst/PROBE_OUT_ALL_INST/G_PROBE_OUT[1].PROBE_OUT0_INST/Probe_out_reg[0]/C (clocked by sys_clk_p) and u_mux_pll_01/CE1 (clocked by clk_out_pll). Large setup violations at the end of those stages might be difficult to fix during the post-placement implementation flow and could be the result of non-optimal XDC constraints or non-optimal design architecture
Related violations: <none>

TIMING-16#6 Warning
Large setup violation  
There is a large setup violation of -1.129 ns between u_fracn_div/u_dual_div/u_p_counter/u_ld_dff/Q_reg/C (clocked by f45) and u_fracn_div/u_dual_div/u_ila_dualdiv/inst/ila_core_inst/u_trig/U_TM/N_DDR_MODE.G_NMU[5].U_M/allx_typeA_match_detection.ltlib_v1_0_2_allx_typeA_inst/probeDelay1_reg[0]/D (clocked by sys_clk_p). Large setup violations at the end of those stages might be difficult to fix during the post-placement implementation flow and could be the result of non-optimal XDC constraints or non-optimal design architecture
Related violations: <none>

TIMING-16#7 Warning
Large setup violation  
There is a large setup violation of -1.136 ns between u_vio/inst/PROBE_OUT_ALL_INST/G_PROBE_OUT[6].PROBE_OUT0_INST/Probe_out_reg[0]/C (clocked by sys_clk_p) and u_lut_dtc_top/tdc_counter_reg[8]/D (clocked by clk_out_pll). Large setup violations at the end of those stages might be difficult to fix during the post-placement implementation flow and could be the result of non-optimal XDC constraints or non-optimal design architecture
Related violations: <none>

TIMING-16#8 Warning
Large setup violation  
There is a large setup violation of -1.184 ns between u_vio/inst/PROBE_OUT_ALL_INST/G_PROBE_OUT[6].PROBE_OUT0_INST/Probe_out_reg[0]/C (clocked by sys_clk_p) and u_lut_dtc_top/tdc_counter_reg[6]/D (clocked by clk_out_pll). Large setup violations at the end of those stages might be difficult to fix during the post-placement implementation flow and could be the result of non-optimal XDC constraints or non-optimal design architecture
Related violations: <none>

TIMING-16#9 Warning
Large setup violation  
There is a large setup violation of -1.261 ns between u_fracn_div/u_dual_div/u_s_counter/u_mc_dff/Q_reg/C (clocked by f45) and u_fracn_div/u_dual_div/u_ila_dualdiv/inst/ila_core_inst/u_trig/U_TM/N_DDR_MODE.G_NMU[3].U_M/allx_typeA_match_detection.ltlib_v1_0_2_allx_typeA_inst/probeDelay1_reg[1]/D (clocked by sys_clk_p). Large setup violations at the end of those stages might be difficult to fix during the post-placement implementation flow and could be the result of non-optimal XDC constraints or non-optimal design architecture
Related violations: <none>

TIMING-16#10 Warning
Large setup violation  
There is a large setup violation of -1.279 ns between u_fracn_div/u_dual_div/u_s_counter/u_mc_dff/Q_reg/C (clocked by f45) and u_fracn_div/u_dual_div/u_ila_dualdiv/inst/ila_core_inst/u_trig/U_TM/N_DDR_MODE.G_NMU[3].U_M/allx_typeA_match_detection.ltlib_v1_0_2_allx_typeA_inst/probeDelay1_reg[0]/D (clocked by sys_clk_p). Large setup violations at the end of those stages might be difficult to fix during the post-placement implementation flow and could be the result of non-optimal XDC constraints or non-optimal design architecture
Related violations: <none>

TIMING-16#11 Warning
Large setup violation  
There is a large setup violation of -1.281 ns between u_vio/inst/PROBE_OUT_ALL_INST/G_PROBE_OUT[6].PROBE_OUT0_INST/Probe_out_reg[0]/C (clocked by sys_clk_p) and u_lut_dtc_top/tdc_valid_reg/D (clocked by clk_out_pll). Large setup violations at the end of those stages might be difficult to fix during the post-placement implementation flow and could be the result of non-optimal XDC constraints or non-optimal design architecture
Related violations: <none>

TIMING-16#12 Warning
Large setup violation  
There is a large setup violation of -1.335 ns between u_vio/inst/PROBE_OUT_ALL_INST/G_PROBE_OUT[6].PROBE_OUT0_INST/Probe_out_reg[0]/C (clocked by sys_clk_p) and u_lut_dtc_top/tdc_counter_reg[1]/CE (clocked by clk_out_pll). Large setup violations at the end of those stages might be difficult to fix during the post-placement implementation flow and could be the result of non-optimal XDC constraints or non-optimal design architecture
Related violations: <none>

TIMING-16#13 Warning
Large setup violation  
There is a large setup violation of -1.336 ns between u_vio/inst/PROBE_OUT_ALL_INST/G_PROBE_OUT[6].PROBE_OUT0_INST/Probe_out_reg[0]/C (clocked by sys_clk_p) and u_lut_dtc_top/tdc_counter_reg[0]/CE (clocked by clk_out_pll). Large setup violations at the end of those stages might be difficult to fix during the post-placement implementation flow and could be the result of non-optimal XDC constraints or non-optimal design architecture
Related violations: <none>

TIMING-16#14 Warning
Large setup violation  
There is a large setup violation of -1.336 ns between u_vio/inst/PROBE_OUT_ALL_INST/G_PROBE_OUT[6].PROBE_OUT0_INST/Probe_out_reg[0]/C (clocked by sys_clk_p) and u_lut_dtc_top/tdc_counter_reg[2]/CE (clocked by clk_out_pll). Large setup violations at the end of those stages might be difficult to fix during the post-placement implementation flow and could be the result of non-optimal XDC constraints or non-optimal design architecture
Related violations: <none>

TIMING-16#15 Warning
Large setup violation  
There is a large setup violation of -1.336 ns between u_vio/inst/PROBE_OUT_ALL_INST/G_PROBE_OUT[6].PROBE_OUT0_INST/Probe_out_reg[0]/C (clocked by sys_clk_p) and u_lut_dtc_top/tdc_counter_reg[5]/CE (clocked by clk_out_pll). Large setup violations at the end of those stages might be difficult to fix during the post-placement implementation flow and could be the result of non-optimal XDC constraints or non-optimal design architecture
Related violations: <none>

TIMING-16#16 Warning
Large setup violation  
There is a large setup violation of -1.336 ns between u_vio/inst/PROBE_OUT_ALL_INST/G_PROBE_OUT[6].PROBE_OUT0_INST/Probe_out_reg[0]/C (clocked by sys_clk_p) and u_lut_dtc_top/tdc_counter_reg[6]/CE (clocked by clk_out_pll). Large setup violations at the end of those stages might be difficult to fix during the post-placement implementation flow and could be the result of non-optimal XDC constraints or non-optimal design architecture
Related violations: <none>

TIMING-16#17 Warning
Large setup violation  
There is a large setup violation of -1.343 ns between u_vio/inst/PROBE_OUT_ALL_INST/G_PROBE_OUT[6].PROBE_OUT0_INST/Probe_out_reg[0]/C (clocked by sys_clk_p) and u_lut_dtc_top/tdc_counter_reg[3]/CE (clocked by clk_out_pll). Large setup violations at the end of those stages might be difficult to fix during the post-placement implementation flow and could be the result of non-optimal XDC constraints or non-optimal design architecture
Related violations: <none>

TIMING-16#18 Warning
Large setup violation  
There is a large setup violation of -1.344 ns between u_vio/inst/PROBE_OUT_ALL_INST/G_PROBE_OUT[6].PROBE_OUT0_INST/Probe_out_reg[0]/C (clocked by sys_clk_p) and u_lut_dtc_top/tdc_counter_reg[4]/CE (clocked by clk_out_pll). Large setup violations at the end of those stages might be difficult to fix during the post-placement implementation flow and could be the result of non-optimal XDC constraints or non-optimal design architecture
Related violations: <none>

TIMING-16#19 Warning
Large setup violation  
There is a large setup violation of -1.344 ns between u_vio/inst/PROBE_OUT_ALL_INST/G_PROBE_OUT[6].PROBE_OUT0_INST/Probe_out_reg[0]/C (clocked by sys_clk_p) and u_lut_dtc_top/tdc_counter_reg[7]/CE (clocked by clk_out_pll). Large setup violations at the end of those stages might be difficult to fix during the post-placement implementation flow and could be the result of non-optimal XDC constraints or non-optimal design architecture
Related violations: <none>

TIMING-16#20 Warning
Large setup violation  
There is a large setup violation of -1.344 ns between u_vio/inst/PROBE_OUT_ALL_INST/G_PROBE_OUT[6].PROBE_OUT0_INST/Probe_out_reg[0]/C (clocked by sys_clk_p) and u_lut_dtc_top/tdc_counter_reg[8]/CE (clocked by clk_out_pll). Large setup violations at the end of those stages might be difficult to fix during the post-placement implementation flow and could be the result of non-optimal XDC constraints or non-optimal design architecture
Related violations: <none>

TIMING-16#21 Warning
Large setup violation  
There is a large setup violation of -1.371 ns between u_dtc_ctrl/dtc_code[3]_INST_0/O (clocked by dtc_code) and u_ila/inst/ila_core_inst/u_trig/U_TM/N_DDR_MODE.G_NMU[4].U_M/allx_typeA_match_detection.ltlib_v1_0_2_allx_typeA_inst/probeDelay1_reg[3]/D (clocked by sys_clk_p). Large setup violations at the end of those stages might be difficult to fix during the post-placement implementation flow and could be the result of non-optimal XDC constraints or non-optimal design architecture
Related violations: <none>

TIMING-16#22 Warning
Large setup violation  
There is a large setup violation of -1.384 ns between u_dtc_ctrl/dtc_code[8]_INST_0/O (clocked by dtc_code) and u_ila/inst/ila_core_inst/shifted_data_in_reg[7][23]_srl8/D (clocked by sys_clk_p). Large setup violations at the end of those stages might be difficult to fix during the post-placement implementation flow and could be the result of non-optimal XDC constraints or non-optimal design architecture
Related violations: <none>

TIMING-16#23 Warning
Large setup violation  
There is a large setup violation of -1.397 ns between u_dtc_ctrl/dtc_code[4]_INST_0/O (clocked by dtc_code) and u_ila/inst/ila_core_inst/u_trig/U_TM/N_DDR_MODE.G_NMU[4].U_M/allx_typeA_match_detection.ltlib_v1_0_2_allx_typeA_inst/probeDelay1_reg[4]/D (clocked by sys_clk_p). Large setup violations at the end of those stages might be difficult to fix during the post-placement implementation flow and could be the result of non-optimal XDC constraints or non-optimal design architecture
Related violations: <none>

TIMING-16#24 Warning
Large setup violation  
There is a large setup violation of -1.406 ns between u_fracn_div/u_dual_div/u_s_counter/u_mc_dff/Q_reg/C (clocked by f45) and u_fracn_div/u_dual_div/u_ila_dualdiv/inst/ila_core_inst/shifted_data_in_reg[7][10]_srl8/D (clocked by sys_clk_p). Large setup violations at the end of those stages might be difficult to fix during the post-placement implementation flow and could be the result of non-optimal XDC constraints or non-optimal design architecture
Related violations: <none>

TIMING-16#25 Warning
Large setup violation  
There is a large setup violation of -1.411 ns between u_fracn_div/u_dual_div/u_s_counter/u_mc_dff/Q_reg/C (clocked by f45) and u_fracn_div/u_dual_div/u_ila_dualdiv/inst/ila_core_inst/shifted_data_in_reg[7][11]_srl8/D (clocked by sys_clk_p). Large setup violations at the end of those stages might be difficult to fix during the post-placement implementation flow and could be the result of non-optimal XDC constraints or non-optimal design architecture
Related violations: <none>

TIMING-16#26 Warning
Large setup violation  
There is a large setup violation of -1.417 ns between u_dtc_ctrl/dtc_code[2]_INST_0/O (clocked by dtc_code) and u_ila/inst/ila_core_inst/u_trig/U_TM/N_DDR_MODE.G_NMU[4].U_M/allx_typeA_match_detection.ltlib_v1_0_2_allx_typeA_inst/probeDelay1_reg[2]/D (clocked by sys_clk_p). Large setup violations at the end of those stages might be difficult to fix during the post-placement implementation flow and could be the result of non-optimal XDC constraints or non-optimal design architecture
Related violations: <none>

TIMING-16#27 Warning
Large setup violation  
There is a large setup violation of -1.427 ns between u_dtc_ctrl/dtc_code[0]_INST_0/O (clocked by dtc_code) and u_ila/inst/ila_core_inst/shifted_data_in_reg[7][15]_srl8/D (clocked by sys_clk_p). Large setup violations at the end of those stages might be difficult to fix during the post-placement implementation flow and could be the result of non-optimal XDC constraints or non-optimal design architecture
Related violations: <none>

TIMING-16#28 Warning
Large setup violation  
There is a large setup violation of -1.439 ns between u_dtc_ctrl/dtc_code[5]_INST_0/O (clocked by dtc_code) and u_ila/inst/ila_core_inst/shifted_data_in_reg[7][20]_srl8/D (clocked by sys_clk_p). Large setup violations at the end of those stages might be difficult to fix during the post-placement implementation flow and could be the result of non-optimal XDC constraints or non-optimal design architecture
Related violations: <none>

TIMING-16#29 Warning
Large setup violation  
There is a large setup violation of -1.444 ns between u_dtc_ctrl/dtc_code[2]_INST_0/O (clocked by dtc_code) and u_ila/inst/ila_core_inst/shifted_data_in_reg[7][17]_srl8/D (clocked by sys_clk_p). Large setup violations at the end of those stages might be difficult to fix during the post-placement implementation flow and could be the result of non-optimal XDC constraints or non-optimal design architecture
Related violations: <none>

TIMING-16#30 Warning
Large setup violation  
There is a large setup violation of -1.479 ns between u_dtc_ctrl/dtc_code[7]_INST_0/O (clocked by dtc_code) and u_ila/inst/ila_core_inst/shifted_data_in_reg[7][22]_srl8/D (clocked by sys_clk_p). Large setup violations at the end of those stages might be difficult to fix during the post-placement implementation flow and could be the result of non-optimal XDC constraints or non-optimal design architecture
Related violations: <none>

TIMING-16#31 Warning
Large setup violation  
There is a large setup violation of -1.482 ns between u_dtc_ctrl/dtc_code[3]_INST_0/O (clocked by dtc_code) and u_ila/inst/ila_core_inst/shifted_data_in_reg[7][18]_srl8/D (clocked by sys_clk_p). Large setup violations at the end of those stages might be difficult to fix during the post-placement implementation flow and could be the result of non-optimal XDC constraints or non-optimal design architecture
Related violations: <none>

TIMING-16#32 Warning
Large setup violation  
There is a large setup violation of -1.533 ns between u_lut_dtc_top/tdc_counter_reg[4]/C (clocked by clk_out_pll) and u_ila/inst/ila_core_inst/u_trig/U_TM/N_DDR_MODE.G_NMU[5].U_M/allx_typeA_match_detection.ltlib_v1_0_2_allx_typeA_inst/probeDelay1_reg[4]/D (clocked by sys_clk_p). Large setup violations at the end of those stages might be difficult to fix during the post-placement implementation flow and could be the result of non-optimal XDC constraints or non-optimal design architecture
Related violations: <none>

TIMING-16#33 Warning
Large setup violation  
There is a large setup violation of -1.538 ns between u_lut_dtc_top/tdc_counter_reg[0]/C (clocked by clk_out_pll) and u_ila/inst/ila_core_inst/u_trig/U_TM/N_DDR_MODE.G_NMU[5].U_M/allx_typeA_match_detection.ltlib_v1_0_2_allx_typeA_inst/probeDelay1_reg[0]/D (clocked by sys_clk_p). Large setup violations at the end of those stages might be difficult to fix during the post-placement implementation flow and could be the result of non-optimal XDC constraints or non-optimal design architecture
Related violations: <none>

TIMING-16#34 Warning
Large setup violation  
There is a large setup violation of -1.539 ns between u_dtc_ctrl/dtc_code[4]_INST_0/O (clocked by dtc_code) and u_ila/inst/ila_core_inst/shifted_data_in_reg[7][19]_srl8/D (clocked by sys_clk_p). Large setup violations at the end of those stages might be difficult to fix during the post-placement implementation flow and could be the result of non-optimal XDC constraints or non-optimal design architecture
Related violations: <none>

TIMING-16#35 Warning
Large setup violation  
There is a large setup violation of -1.546 ns between u_dtc_ctrl/dtc_code[8]_INST_0/O (clocked by dtc_code) and u_ila/inst/ila_core_inst/u_trig/U_TM/N_DDR_MODE.G_NMU[4].U_M/allx_typeA_match_detection.ltlib_v1_0_2_allx_typeA_inst/probeDelay1_reg[8]/D (clocked by sys_clk_p). Large setup violations at the end of those stages might be difficult to fix during the post-placement implementation flow and could be the result of non-optimal XDC constraints or non-optimal design architecture
Related violations: <none>

TIMING-16#36 Warning
Large setup violation  
There is a large setup violation of -1.548 ns between u_dtc_ctrl/dtc_code[1]_INST_0/O (clocked by dtc_code) and u_ila/inst/ila_core_inst/u_trig/U_TM/N_DDR_MODE.G_NMU[4].U_M/allx_typeA_match_detection.ltlib_v1_0_2_allx_typeA_inst/probeDelay1_reg[1]/D (clocked by sys_clk_p). Large setup violations at the end of those stages might be difficult to fix during the post-placement implementation flow and could be the result of non-optimal XDC constraints or non-optimal design architecture
Related violations: <none>

TIMING-16#37 Warning
Large setup violation  
There is a large setup violation of -1.552 ns between u_lut_dtc_top/tdc_counter_reg[3]/C (clocked by clk_out_pll) and u_ila/inst/ila_core_inst/u_trig/U_TM/N_DDR_MODE.G_NMU[5].U_M/allx_typeA_match_detection.ltlib_v1_0_2_allx_typeA_inst/probeDelay1_reg[3]/D (clocked by sys_clk_p). Large setup violations at the end of those stages might be difficult to fix during the post-placement implementation flow and could be the result of non-optimal XDC constraints or non-optimal design architecture
Related violations: <none>

TIMING-16#38 Warning
Large setup violation  
There is a large setup violation of -1.552 ns between u_lut_dtc_top/tdc_counter_reg[7]/C (clocked by clk_out_pll) and u_ila/inst/ila_core_inst/u_trig/U_TM/N_DDR_MODE.G_NMU[5].U_M/allx_typeA_match_detection.ltlib_v1_0_2_allx_typeA_inst/probeDelay1_reg[7]/D (clocked by sys_clk_p). Large setup violations at the end of those stages might be difficult to fix during the post-placement implementation flow and could be the result of non-optimal XDC constraints or non-optimal design architecture
Related violations: <none>

TIMING-16#39 Warning
Large setup violation  
There is a large setup violation of -1.564 ns between u_lut_dtc_top/tdc_counter_reg[5]/C (clocked by clk_out_pll) and u_ila/inst/ila_core_inst/u_trig/U_TM/N_DDR_MODE.G_NMU[5].U_M/allx_typeA_match_detection.ltlib_v1_0_2_allx_typeA_inst/probeDelay1_reg[5]/D (clocked by sys_clk_p). Large setup violations at the end of those stages might be difficult to fix during the post-placement implementation flow and could be the result of non-optimal XDC constraints or non-optimal design architecture
Related violations: <none>

TIMING-16#40 Warning
Large setup violation  
There is a large setup violation of -1.587 ns between u_lut_dtc_top/tdc_counter_reg[2]/C (clocked by clk_out_pll) and u_ila/inst/ila_core_inst/u_trig/U_TM/N_DDR_MODE.G_NMU[5].U_M/allx_typeA_match_detection.ltlib_v1_0_2_allx_typeA_inst/probeDelay1_reg[2]/D (clocked by sys_clk_p). Large setup violations at the end of those stages might be difficult to fix during the post-placement implementation flow and could be the result of non-optimal XDC constraints or non-optimal design architecture
Related violations: <none>

TIMING-16#41 Warning
Large setup violation  
There is a large setup violation of -1.588 ns between u_dtc_ctrl/dtc_code[0]_INST_0/O (clocked by dtc_code) and u_ila/inst/ila_core_inst/u_trig/U_TM/N_DDR_MODE.G_NMU[4].U_M/allx_typeA_match_detection.ltlib_v1_0_2_allx_typeA_inst/probeDelay1_reg[0]/D (clocked by sys_clk_p). Large setup violations at the end of those stages might be difficult to fix during the post-placement implementation flow and could be the result of non-optimal XDC constraints or non-optimal design architecture
Related violations: <none>

TIMING-16#42 Warning
Large setup violation  
There is a large setup violation of -1.604 ns between u_lut_dtc_top/tdc_counter_reg[1]/C (clocked by clk_out_pll) and u_ila/inst/ila_core_inst/u_trig/U_TM/N_DDR_MODE.G_NMU[5].U_M/allx_typeA_match_detection.ltlib_v1_0_2_allx_typeA_inst/probeDelay1_reg[1]/D (clocked by sys_clk_p). Large setup violations at the end of those stages might be difficult to fix during the post-placement implementation flow and could be the result of non-optimal XDC constraints or non-optimal design architecture
Related violations: <none>

TIMING-16#43 Warning
Large setup violation  
There is a large setup violation of -1.617 ns between u_dtc_ctrl/dtc_code[7]_INST_0/O (clocked by dtc_code) and u_ila/inst/ila_core_inst/u_trig/U_TM/N_DDR_MODE.G_NMU[4].U_M/allx_typeA_match_detection.ltlib_v1_0_2_allx_typeA_inst/probeDelay1_reg[7]/D (clocked by sys_clk_p). Large setup violations at the end of those stages might be difficult to fix during the post-placement implementation flow and could be the result of non-optimal XDC constraints or non-optimal design architecture
Related violations: <none>

TIMING-16#44 Warning
Large setup violation  
There is a large setup violation of -1.624 ns between u_dtc_ctrl/dtc_code[6]_INST_0/O (clocked by dtc_code) and u_ila/inst/ila_core_inst/shifted_data_in_reg[7][21]_srl8/D (clocked by sys_clk_p). Large setup violations at the end of those stages might be difficult to fix during the post-placement implementation flow and could be the result of non-optimal XDC constraints or non-optimal design architecture
Related violations: <none>

TIMING-16#45 Warning
Large setup violation  
There is a large setup violation of -1.625 ns between u_lut_dtc_top/tdc_counter_reg[3]/C (clocked by clk_out_pll) and u_ila/inst/ila_core_inst/shifted_data_in_reg[7][27]_srl8/D (clocked by sys_clk_p). Large setup violations at the end of those stages might be difficult to fix during the post-placement implementation flow and could be the result of non-optimal XDC constraints or non-optimal design architecture
Related violations: <none>

TIMING-16#46 Warning
Large setup violation  
There is a large setup violation of -1.637 ns between u_lut_dtc_top/tdc_counter_reg[4]/C (clocked by clk_out_pll) and u_ila/inst/ila_core_inst/shifted_data_in_reg[7][28]_srl8/D (clocked by sys_clk_p). Large setup violations at the end of those stages might be difficult to fix during the post-placement implementation flow and could be the result of non-optimal XDC constraints or non-optimal design architecture
Related violations: <none>

TIMING-16#47 Warning
Large setup violation  
There is a large setup violation of -1.643 ns between u_lut_dtc_top/tdc_counter_reg[6]/C (clocked by clk_out_pll) and u_ila/inst/ila_core_inst/u_trig/U_TM/N_DDR_MODE.G_NMU[5].U_M/allx_typeA_match_detection.ltlib_v1_0_2_allx_typeA_inst/probeDelay1_reg[6]/D (clocked by sys_clk_p). Large setup violations at the end of those stages might be difficult to fix during the post-placement implementation flow and could be the result of non-optimal XDC constraints or non-optimal design architecture
Related violations: <none>

TIMING-16#48 Warning
Large setup violation  
There is a large setup violation of -1.644 ns between u_lut_dtc_top/tdc_counter_reg[2]/C (clocked by clk_out_pll) and u_ila/inst/ila_core_inst/shifted_data_in_reg[7][26]_srl8/D (clocked by sys_clk_p). Large setup violations at the end of those stages might be difficult to fix during the post-placement implementation flow and could be the result of non-optimal XDC constraints or non-optimal design architecture
Related violations: <none>

TIMING-16#49 Warning
Large setup violation  
There is a large setup violation of -1.644 ns between u_lut_dtc_top/tdc_counter_reg[5]/C (clocked by clk_out_pll) and u_ila/inst/ila_core_inst/shifted_data_in_reg[7][29]_srl8/D (clocked by sys_clk_p). Large setup violations at the end of those stages might be difficult to fix during the post-placement implementation flow and could be the result of non-optimal XDC constraints or non-optimal design architecture
Related violations: <none>

TIMING-16#50 Warning
Large setup violation  
There is a large setup violation of -1.646 ns between u_lut_dtc_top/tdc_counter_reg[7]/C (clocked by clk_out_pll) and u_ila/inst/ila_core_inst/shifted_data_in_reg[7][31]_srl8/D (clocked by sys_clk_p). Large setup violations at the end of those stages might be difficult to fix during the post-placement implementation flow and could be the result of non-optimal XDC constraints or non-optimal design architecture
Related violations: <none>

TIMING-16#51 Warning
Large setup violation  
There is a large setup violation of -1.669 ns between u_lut_dtc_top/tdc_counter_reg[1]/C (clocked by clk_out_pll) and u_ila/inst/ila_core_inst/shifted_data_in_reg[7][25]_srl8/D (clocked by sys_clk_p). Large setup violations at the end of those stages might be difficult to fix during the post-placement implementation flow and could be the result of non-optimal XDC constraints or non-optimal design architecture
Related violations: <none>

TIMING-16#52 Warning
Large setup violation  
There is a large setup violation of -1.673 ns between u_dtc_ctrl/dtc_code[1]_INST_0/O (clocked by dtc_code) and u_ila/inst/ila_core_inst/shifted_data_in_reg[7][16]_srl8/D (clocked by sys_clk_p). Large setup violations at the end of those stages might be difficult to fix during the post-placement implementation flow and could be the result of non-optimal XDC constraints or non-optimal design architecture
Related violations: <none>

TIMING-16#53 Warning
Large setup violation  
There is a large setup violation of -1.677 ns between u_lut_dtc_top/tdc_counter_reg[6]/C (clocked by clk_out_pll) and u_ila/inst/ila_core_inst/shifted_data_in_reg[7][30]_srl8/D (clocked by sys_clk_p). Large setup violations at the end of those stages might be difficult to fix during the post-placement implementation flow and could be the result of non-optimal XDC constraints or non-optimal design architecture
Related violations: <none>

TIMING-16#54 Warning
Large setup violation  
There is a large setup violation of -1.687 ns between u_fracn_div/u_dual_div/u_p_counter/u_ld_dff/Q_reg/C (clocked by f45) and u_ila/inst/ila_core_inst/shifted_data_in_reg[7][0]_srl8/D (clocked by sys_clk_p). Large setup violations at the end of those stages might be difficult to fix during the post-placement implementation flow and could be the result of non-optimal XDC constraints or non-optimal design architecture
Related violations: <none>

TIMING-16#55 Warning
Large setup violation  
There is a large setup violation of -1.690 ns between u_lut_dtc_top/tdc_counter_reg[0]/C (clocked by clk_out_pll) and u_ila/inst/ila_core_inst/shifted_data_in_reg[7][24]_srl8/D (clocked by sys_clk_p). Large setup violations at the end of those stages might be difficult to fix during the post-placement implementation flow and could be the result of non-optimal XDC constraints or non-optimal design architecture
Related violations: <none>

TIMING-16#56 Warning
Large setup violation  
There is a large setup violation of -1.726 ns between u_dtc_ctrl/dtc_code[6]_INST_0/O (clocked by dtc_code) and u_ila/inst/ila_core_inst/u_trig/U_TM/N_DDR_MODE.G_NMU[4].U_M/allx_typeA_match_detection.ltlib_v1_0_2_allx_typeA_inst/probeDelay1_reg[6]/D (clocked by sys_clk_p). Large setup violations at the end of those stages might be difficult to fix during the post-placement implementation flow and could be the result of non-optimal XDC constraints or non-optimal design architecture
Related violations: <none>

TIMING-16#57 Warning
Large setup violation  
There is a large setup violation of -1.730 ns between u_lut_dtc_top/tdc_counter_reg[8]/C (clocked by clk_out_pll) and u_ila/inst/ila_core_inst/shifted_data_in_reg[7][32]_srl8/D (clocked by sys_clk_p). Large setup violations at the end of those stages might be difficult to fix during the post-placement implementation flow and could be the result of non-optimal XDC constraints or non-optimal design architecture
Related violations: <none>

TIMING-16#58 Warning
Large setup violation  
There is a large setup violation of -1.739 ns between u_lut_dtc_top/tdc_counter_reg[8]/C (clocked by clk_out_pll) and u_ila/inst/ila_core_inst/u_trig/U_TM/N_DDR_MODE.G_NMU[5].U_M/allx_typeA_match_detection.ltlib_v1_0_2_allx_typeA_inst/probeDelay1_reg[8]/D (clocked by sys_clk_p). Large setup violations at the end of those stages might be difficult to fix during the post-placement implementation flow and could be the result of non-optimal XDC constraints or non-optimal design architecture
Related violations: <none>

TIMING-16#59 Warning
Large setup violation  
There is a large setup violation of -1.775 ns between u_dtc_ctrl/dtc_code[5]_INST_0/O (clocked by dtc_code) and u_ila/inst/ila_core_inst/u_trig/U_TM/N_DDR_MODE.G_NMU[4].U_M/allx_typeA_match_detection.ltlib_v1_0_2_allx_typeA_inst/probeDelay1_reg[5]/D (clocked by sys_clk_p). Large setup violations at the end of those stages might be difficult to fix during the post-placement implementation flow and could be the result of non-optimal XDC constraints or non-optimal design architecture
Related violations: <none>

TIMING-16#60 Warning
Large setup violation  
There is a large setup violation of -1.868 ns between u_lut_dtc_top/tdc_valid_reg/C (clocked by clk_out_pll) and u_ila/inst/ila_core_inst/u_trig/U_TM/N_DDR_MODE.G_NMU[6].U_M/allx_typeA_match_detection.ltlib_v1_0_2_allx_typeA_inst/probeDelay1_reg[0]/D (clocked by sys_clk_p). Large setup violations at the end of those stages might be difficult to fix during the post-placement implementation flow and could be the result of non-optimal XDC constraints or non-optimal design architecture
Related violations: <none>

TIMING-16#61 Warning
Large setup violation  
There is a large setup violation of -1.915 ns between u_lut_dtc_top/tdc_valid_reg/C (clocked by clk_out_pll) and u_ila/inst/ila_core_inst/shifted_data_in_reg[7][33]_srl8/D (clocked by sys_clk_p). Large setup violations at the end of those stages might be difficult to fix during the post-placement implementation flow and could be the result of non-optimal XDC constraints or non-optimal design architecture
Related violations: <none>

TIMING-16#62 Warning
Large setup violation  
There is a large setup violation of -2.212 ns between u_fracn_div/u_dual_div/u_div_45/u3_reg_sync/Qn/O (clocked by f45) and u_fracn_div/u_dual_div/u_ila_dualdiv/inst/ila_core_inst/shifted_data_in_reg[7][9]_srl8/D (clocked by sys_clk_p). Large setup violations at the end of those stages might be difficult to fix during the post-placement implementation flow and could be the result of non-optimal XDC constraints or non-optimal design architecture
Related violations: <none>

TIMING-16#63 Warning
Large setup violation  
There is a large setup violation of -2.256 ns between u_fracn_div/u_dual_div/u_div_45/u3_reg_sync/Qn/O (clocked by f45) and u_fracn_div/u_dual_div/u_ila_dualdiv/inst/ila_core_inst/u_trig/U_TM/N_DDR_MODE.G_NMU[2].U_M/allx_typeA_match_detection.ltlib_v1_0_2_allx_typeA_inst/probeDelay1_reg[1]/D (clocked by sys_clk_p). Large setup violations at the end of those stages might be difficult to fix during the post-placement implementation flow and could be the result of non-optimal XDC constraints or non-optimal design architecture
Related violations: <none>

TIMING-16#64 Warning
Large setup violation  
There is a large setup violation of -2.422 ns between u_fracn_div/u_dual_div/u_p_counter/u_ld_dff/Q_reg/C (clocked by f45) and u_lut_dtc_top/din_d1_reg/D (clocked by clk_out_pll). Large setup violations at the end of those stages might be difficult to fix during the post-placement implementation flow and could be the result of non-optimal XDC constraints or non-optimal design architecture
Related violations: <none>

TIMING-16#65 Warning
Large setup violation  
There is a large setup violation of -2.438 ns between u_vio_test_clk/inst/PROBE_OUT_ALL_INST/G_PROBE_OUT[0].PROBE_OUT0_INST/Probe_out_reg[2]/C (clocked by sys_clk_p) and u_mux_out/CE1 (clocked by clk_out_pll). Large setup violations at the end of those stages might be difficult to fix during the post-placement implementation flow and could be the result of non-optimal XDC constraints or non-optimal design architecture
Related violations: <none>

TIMING-16#66 Warning
Large setup violation  
There is a large setup violation of -3.578 ns between dtc_code_d1_reg[2]/C (clocked by div_out_dtc) and u_lut_dtc_top/din_delayed_d1_reg/D (clocked by clk_out_pll). Large setup violations at the end of those stages might be difficult to fix during the post-placement implementation flow and could be the result of non-optimal XDC constraints or non-optimal design architecture
Related violations: <none>

TIMING-18#1 Warning
Missing input or output delay  
An input delay is missing on sys_rst relative to the rising and/or falling clock edge(s) of clk_out_pll, sys_clk_p.
Related violations: <none>

TIMING-20#1 Warning
Non-clocked latch  
The latch u_fracn_div/u_calculate_ps/real_integer_reg[0]/L7 (in u_fracn_div/u_calculate_ps/real_integer_reg[0] macro) cannot be properly analyzed as its control pin u_fracn_div/u_calculate_ps/real_integer_reg[0]/L7/G is not reached by a timing clock
Related violations: <none>

TIMING-20#2 Warning
Non-clocked latch  
The latch u_fracn_div/u_calculate_ps/real_integer_reg[1]/L7 (in u_fracn_div/u_calculate_ps/real_integer_reg[1] macro) cannot be properly analyzed as its control pin u_fracn_div/u_calculate_ps/real_integer_reg[1]/L7/G is not reached by a timing clock
Related violations: <none>

TIMING-20#3 Warning
Non-clocked latch  
The latch u_fracn_div/u_calculate_ps/real_integer_reg[2]/L7 (in u_fracn_div/u_calculate_ps/real_integer_reg[2] macro) cannot be properly analyzed as its control pin u_fracn_div/u_calculate_ps/real_integer_reg[2]/L7/G is not reached by a timing clock
Related violations: <none>

TIMING-20#4 Warning
Non-clocked latch  
The latch u_fracn_div/u_calculate_ps/real_integer_reg[3]/L7 (in u_fracn_div/u_calculate_ps/real_integer_reg[3] macro) cannot be properly analyzed as its control pin u_fracn_div/u_calculate_ps/real_integer_reg[3]/L7/G is not reached by a timing clock
Related violations: <none>

TIMING-20#5 Warning
Non-clocked latch  
The latch u_fracn_div/u_calculate_ps/real_integer_reg[4]/L7 (in u_fracn_div/u_calculate_ps/real_integer_reg[4] macro) cannot be properly analyzed as its control pin u_fracn_div/u_calculate_ps/real_integer_reg[4]/L7/G is not reached by a timing clock
Related violations: <none>

TIMING-20#6 Warning
Non-clocked latch  
The latch u_fracn_div/u_calculate_ps/real_integer_reg[5]/L7 (in u_fracn_div/u_calculate_ps/real_integer_reg[5] macro) cannot be properly analyzed as its control pin u_fracn_div/u_calculate_ps/real_integer_reg[5]/L7/G is not reached by a timing clock
Related violations: <none>

TIMING-20#7 Warning
Non-clocked latch  
The latch u_fracn_div/u_calculate_ps/real_integer_reg[6]/L7 (in u_fracn_div/u_calculate_ps/real_integer_reg[6] macro) cannot be properly analyzed as its control pin u_fracn_div/u_calculate_ps/real_integer_reg[6]/L7/G is not reached by a timing clock
Related violations: <none>

TIMING-20#8 Warning
Non-clocked latch  
The latch u_fracn_div/u_calculate_ps/real_integer_reg[7]/L7 (in u_fracn_div/u_calculate_ps/real_integer_reg[7] macro) cannot be properly analyzed as its control pin u_fracn_div/u_calculate_ps/real_integer_reg[7]/L7/G is not reached by a timing clock
Related violations: <none>

TIMING-20#9 Warning
Non-clocked latch  
The latch u_fracn_div/u_dual_div/u_p_counter/BLOCK1[0].u_dff/Q_reg/L7 (in u_fracn_div/u_dual_div/u_p_counter/BLOCK1[0].u_dff/Q_reg macro) cannot be properly analyzed as its control pin u_fracn_div/u_dual_div/u_p_counter/BLOCK1[0].u_dff/Q_reg/L7/G is not reached by a timing clock
Related violations: <none>

TIMING-20#10 Warning
Non-clocked latch  
The latch u_fracn_div/u_dual_div/u_p_counter/BLOCK1[1].u_dff/Q_reg/L7 (in u_fracn_div/u_dual_div/u_p_counter/BLOCK1[1].u_dff/Q_reg macro) cannot be properly analyzed as its control pin u_fracn_div/u_dual_div/u_p_counter/BLOCK1[1].u_dff/Q_reg/L7/G is not reached by a timing clock
Related violations: <none>

TIMING-20#11 Warning
Non-clocked latch  
The latch u_fracn_div/u_dual_div/u_p_counter/BLOCK1[2].u_dff/Q_reg/L7 (in u_fracn_div/u_dual_div/u_p_counter/BLOCK1[2].u_dff/Q_reg macro) cannot be properly analyzed as its control pin u_fracn_div/u_dual_div/u_p_counter/BLOCK1[2].u_dff/Q_reg/L7/G is not reached by a timing clock
Related violations: <none>

TIMING-20#12 Warning
Non-clocked latch  
The latch u_fracn_div/u_dual_div/u_p_counter/BLOCK1[3].u_dff/Q_reg/L7 (in u_fracn_div/u_dual_div/u_p_counter/BLOCK1[3].u_dff/Q_reg macro) cannot be properly analyzed as its control pin u_fracn_div/u_dual_div/u_p_counter/BLOCK1[3].u_dff/Q_reg/L7/G is not reached by a timing clock
Related violations: <none>

TIMING-20#13 Warning
Non-clocked latch  
The latch u_fracn_div/u_dual_div/u_p_counter/BLOCK1[4].u_dff/Q_reg/L7 (in u_fracn_div/u_dual_div/u_p_counter/BLOCK1[4].u_dff/Q_reg macro) cannot be properly analyzed as its control pin u_fracn_div/u_dual_div/u_p_counter/BLOCK1[4].u_dff/Q_reg/L7/G is not reached by a timing clock
Related violations: <none>

TIMING-20#14 Warning
Non-clocked latch  
The latch u_fracn_div/u_dual_div/u_p_counter/BLOCK1[5].u_dff/Q_reg/L7 (in u_fracn_div/u_dual_div/u_p_counter/BLOCK1[5].u_dff/Q_reg macro) cannot be properly analyzed as its control pin u_fracn_div/u_dual_div/u_p_counter/BLOCK1[5].u_dff/Q_reg/L7/G is not reached by a timing clock
Related violations: <none>

TIMING-20#15 Warning
Non-clocked latch  
The latch u_fracn_div/u_dual_div/u_s_counter/BLOCK1[0].u_dff/Q_reg/L7 (in u_fracn_div/u_dual_div/u_s_counter/BLOCK1[0].u_dff/Q_reg macro) cannot be properly analyzed as its control pin u_fracn_div/u_dual_div/u_s_counter/BLOCK1[0].u_dff/Q_reg/L7/G is not reached by a timing clock
Related violations: <none>

TIMING-20#16 Warning
Non-clocked latch  
The latch u_fracn_div/u_dual_div/u_s_counter/BLOCK1[1].u_dff/Q_reg/L7 (in u_fracn_div/u_dual_div/u_s_counter/BLOCK1[1].u_dff/Q_reg macro) cannot be properly analyzed as its control pin u_fracn_div/u_dual_div/u_s_counter/BLOCK1[1].u_dff/Q_reg/L7/G is not reached by a timing clock
Related violations: <none>

TIMING-20#17 Warning
Non-clocked latch  
The latch u_ssc_ctrl/ssc_frac_reg[0]/L7 (in u_ssc_ctrl/ssc_frac_reg[0] macro) cannot be properly analyzed as its control pin u_ssc_ctrl/ssc_frac_reg[0]/L7/G is not reached by a timing clock
Related violations: <none>

TIMING-20#18 Warning
Non-clocked latch  
The latch u_ssc_ctrl/ssc_frac_reg[1]/L7 (in u_ssc_ctrl/ssc_frac_reg[1] macro) cannot be properly analyzed as its control pin u_ssc_ctrl/ssc_frac_reg[1]/L7/G is not reached by a timing clock
Related violations: <none>

TIMING-20#19 Warning
Non-clocked latch  
The latch u_ssc_ctrl/ssc_frac_reg[2]/L7 (in u_ssc_ctrl/ssc_frac_reg[2] macro) cannot be properly analyzed as its control pin u_ssc_ctrl/ssc_frac_reg[2]/L7/G is not reached by a timing clock
Related violations: <none>

TIMING-20#20 Warning
Non-clocked latch  
The latch u_ssc_ctrl/ssc_frac_reg[3]/L7 (in u_ssc_ctrl/ssc_frac_reg[3] macro) cannot be properly analyzed as its control pin u_ssc_ctrl/ssc_frac_reg[3]/L7/G is not reached by a timing clock
Related violations: <none>

TIMING-20#21 Warning
Non-clocked latch  
The latch u_ssc_ctrl/ssc_frac_reg[4]/L7 (in u_ssc_ctrl/ssc_frac_reg[4] macro) cannot be properly analyzed as its control pin u_ssc_ctrl/ssc_frac_reg[4]/L7/G is not reached by a timing clock
Related violations: <none>

TIMING-20#22 Warning
Non-clocked latch  
The latch u_ssc_ctrl/ssc_frac_reg[5]/L7 (in u_ssc_ctrl/ssc_frac_reg[5] macro) cannot be properly analyzed as its control pin u_ssc_ctrl/ssc_frac_reg[5]/L7/G is not reached by a timing clock
Related violations: <none>

TIMING-20#23 Warning
Non-clocked latch  
The latch u_ssc_ctrl/ssc_frac_reg[6]/L7 (in u_ssc_ctrl/ssc_frac_reg[6] macro) cannot be properly analyzed as its control pin u_ssc_ctrl/ssc_frac_reg[6]/L7/G is not reached by a timing clock
Related violations: <none>

TIMING-20#24 Warning
Non-clocked latch  
The latch u_ssc_ctrl/ssc_frac_reg[7]/L7 (in u_ssc_ctrl/ssc_frac_reg[7] macro) cannot be properly analyzed as its control pin u_ssc_ctrl/ssc_frac_reg[7]/L7/G is not reached by a timing clock
Related violations: <none>

TIMING-20#25 Warning
Non-clocked latch  
The latch u_ssc_ctrl/ssc_frac_reg[8]/L7 (in u_ssc_ctrl/ssc_frac_reg[8] macro) cannot be properly analyzed as its control pin u_ssc_ctrl/ssc_frac_reg[8]/L7/G is not reached by a timing clock
Related violations: <none>

TIMING-20#26 Warning
Non-clocked latch  
The latch u_ssc_ctrl/ssc_frac_reg[9]/L7 (in u_ssc_ctrl/ssc_frac_reg[9] macro) cannot be properly analyzed as its control pin u_ssc_ctrl/ssc_frac_reg[9]/L7/G is not reached by a timing clock
Related violations: <none>

TIMING-20#27 Warning
Non-clocked latch  
The latch u_ssc_ctrl/ssc_int_reg[0]/L7 (in u_ssc_ctrl/ssc_int_reg[0] macro) cannot be properly analyzed as its control pin u_ssc_ctrl/ssc_int_reg[0]/L7/G is not reached by a timing clock
Related violations: <none>

TIMING-20#28 Warning
Non-clocked latch  
The latch u_ssc_ctrl/ssc_int_reg[1]/L7 (in u_ssc_ctrl/ssc_int_reg[1] macro) cannot be properly analyzed as its control pin u_ssc_ctrl/ssc_int_reg[1]/L7/G is not reached by a timing clock
Related violations: <none>

TIMING-20#29 Warning
Non-clocked latch  
The latch u_ssc_ctrl/ssc_int_reg[2]/L7 (in u_ssc_ctrl/ssc_int_reg[2] macro) cannot be properly analyzed as its control pin u_ssc_ctrl/ssc_int_reg[2]/L7/G is not reached by a timing clock
Related violations: <none>

TIMING-20#30 Warning
Non-clocked latch  
The latch u_ssc_ctrl/ssc_int_reg[3]/L7 (in u_ssc_ctrl/ssc_int_reg[3] macro) cannot be properly analyzed as its control pin u_ssc_ctrl/ssc_int_reg[3]/L7/G is not reached by a timing clock
Related violations: <none>

TIMING-20#31 Warning
Non-clocked latch  
The latch u_ssc_ctrl/ssc_int_reg[4]/L7 (in u_ssc_ctrl/ssc_int_reg[4] macro) cannot be properly analyzed as its control pin u_ssc_ctrl/ssc_int_reg[4]/L7/G is not reached by a timing clock
Related violations: <none>

TIMING-20#32 Warning
Non-clocked latch  
The latch u_ssc_ctrl/ssc_int_reg[5]/L7 (in u_ssc_ctrl/ssc_int_reg[5] macro) cannot be properly analyzed as its control pin u_ssc_ctrl/ssc_int_reg[5]/L7/G is not reached by a timing clock
Related violations: <none>

TIMING-20#33 Warning
Non-clocked latch  
The latch u_ssc_ctrl/ssc_int_reg[6]/L7 (in u_ssc_ctrl/ssc_int_reg[6] macro) cannot be properly analyzed as its control pin u_ssc_ctrl/ssc_int_reg[6]/L7/G is not reached by a timing clock
Related violations: <none>

TIMING-20#34 Warning
Non-clocked latch  
The latch u_ssc_ctrl/ssc_int_reg[7]/L7 (in u_ssc_ctrl/ssc_int_reg[7] macro) cannot be properly analyzed as its control pin u_ssc_ctrl/ssc_int_reg[7]/L7/G is not reached by a timing clock
Related violations: <none>

XDCB-2#1 Warning
Clock defined on multiple objects  
The clock dtc_code is defined on multiple objects. Although this is logically functional for timing analysis, it cannot exist in hardware. It is recommended to define a primary clock on a single object.
create_clock -period 20.000 -name dtc_code [get_nets {dtc_code[*]}]
C:/Users/admin/Desktop/cygao/20260720/fpga_pll_mash111_dtc_ssc/FPGA_SSC_PLL/FPGA_SSC_PLL.srcs/constrs_1/new/TOP.xdc (Line: 45)
Related violations: <none>

XDCB-5#1 Warning
Runtime inefficient way to find pin objects  
The option '-from : [get_pins -hierarchical -filter {NAME =~ *ila_core_inst/u_trig/N_DDR_TC.N_DDR_TC_INST[*].U_TC/allx_typeA_match_detection.ltlib_v1_0_2_allx_typeA_inst/DUT/u_srl_drive/CLK}]' of constraint 'set_false_path' uses inefficient query to find pin objects (see constraint position '111' in the Timing Constraint window in Vivado IDE). To reduce runtime, it is recommended to get the pins through the cell objects. Please refer to Using Constraints Guide (Constraints Efficiency). An example of optimal query is: get_pins -filter {REF_PIN_NAME=~yy*} -of_objects [get_cells -hierarchical xx*].
Current XDC: c:/Users/admin/Desktop/cygao/20260720/fpga_pll_mash111_dtc_ssc/FPGA_SSC_PLL/FPGA_SSC_PLL.gen/sources_1/ip/ila_1/ila_v6_2/constraints/ila.xdc (Line: 72)
Related violations: <none>

XDCB-5#2 Warning
Runtime inefficient way to find pin objects  
The option '-from : [get_pins -hierarchical -filter {NAME =~ *ila_core_inst/u_trig/N_DDR_TC.N_DDR_TC_INST[*].U_TC/allx_typeA_match_detection.ltlib_v1_0_2_allx_typeA_inst/DUT/u_srl_drive/CLK}]' of constraint 'set_false_path' uses inefficient query to find pin objects (see constraint position '166' in the Timing Constraint window in Vivado IDE). To reduce runtime, it is recommended to get the pins through the cell objects. Please refer to Using Constraints Guide (Constraints Efficiency). An example of optimal query is: get_pins -filter {REF_PIN_NAME=~yy*} -of_objects [get_cells -hierarchical xx*].
Current XDC: c:/Users/admin/Desktop/cygao/20260720/fpga_pll_mash111_dtc_ssc/FPGA_SSC_PLL/FPGA_SSC_PLL.gen/sources_1/ip/ila_dualdiv/ila_v6_2/constraints/ila.xdc (Line: 72)
Related violations: <none>

XDCB-5#3 Warning
Runtime inefficient way to find pin objects  
The option '-from : [get_pins -hierarchical -filter {NAME =~ *ila_core_inst/u_trig/N_DDR_TC.N_DDR_TC_INST[*].U_TC/allx_typeA_match_detection.ltlib_v1_0_2_allx_typeA_inst/DUT/u_srl_drive/CLK}]' of constraint 'set_false_path' uses inefficient query to find pin objects (see constraint position '52' in the Timing Constraint window in Vivado IDE). To reduce runtime, it is recommended to get the pins through the cell objects. Please refer to Using Constraints Guide (Constraints Efficiency). An example of optimal query is: get_pins -filter {REF_PIN_NAME=~yy*} -of_objects [get_cells -hierarchical xx*].
Current XDC: c:/Users/admin/Desktop/cygao/20260720/fpga_pll_mash111_dtc_ssc/FPGA_SSC_PLL/FPGA_SSC_PLL.gen/sources_1/ip/ila_0/ila_v6_2/constraints/ila.xdc (Line: 72)
Related violations: <none>

XDCB-5#4 Warning
Runtime inefficient way to find pin objects  
The option '-to : [get_pins -hierarchical -filter {NAME =~ *ila_core_inst/u_trig/N_DDR_TC.N_DDR_TC_INST[*].U_TC/yes_output_reg.dout_reg_reg/D}]' of constraint 'set_false_path' uses inefficient query to find pin objects (see constraint position '111' in the Timing Constraint window in Vivado IDE). To reduce runtime, it is recommended to get the pins through the cell objects. Please refer to Using Constraints Guide (Constraints Efficiency). An example of optimal query is: get_pins -filter {REF_PIN_NAME=~yy*} -of_objects [get_cells -hierarchical xx*].
Current XDC: c:/Users/admin/Desktop/cygao/20260720/fpga_pll_mash111_dtc_ssc/FPGA_SSC_PLL/FPGA_SSC_PLL.gen/sources_1/ip/ila_1/ila_v6_2/constraints/ila.xdc (Line: 72)
Related violations: <none>

XDCB-5#5 Warning
Runtime inefficient way to find pin objects  
The option '-to : [get_pins -hierarchical -filter {NAME =~ *ila_core_inst/u_trig/N_DDR_TC.N_DDR_TC_INST[*].U_TC/yes_output_reg.dout_reg_reg/D}]' of constraint 'set_false_path' uses inefficient query to find pin objects (see constraint position '166' in the Timing Constraint window in Vivado IDE). To reduce runtime, it is recommended to get the pins through the cell objects. Please refer to Using Constraints Guide (Constraints Efficiency). An example of optimal query is: get_pins -filter {REF_PIN_NAME=~yy*} -of_objects [get_cells -hierarchical xx*].
Current XDC: c:/Users/admin/Desktop/cygao/20260720/fpga_pll_mash111_dtc_ssc/FPGA_SSC_PLL/FPGA_SSC_PLL.gen/sources_1/ip/ila_dualdiv/ila_v6_2/constraints/ila.xdc (Line: 72)
Related violations: <none>

XDCB-5#6 Warning
Runtime inefficient way to find pin objects  
The option '-to : [get_pins -hierarchical -filter {NAME =~ *ila_core_inst/u_trig/N_DDR_TC.N_DDR_TC_INST[*].U_TC/yes_output_reg.dout_reg_reg/D}]' of constraint 'set_false_path' uses inefficient query to find pin objects (see constraint position '52' in the Timing Constraint window in Vivado IDE). To reduce runtime, it is recommended to get the pins through the cell objects. Please refer to Using Constraints Guide (Constraints Efficiency). An example of optimal query is: get_pins -filter {REF_PIN_NAME=~yy*} -of_objects [get_cells -hierarchical xx*].
Current XDC: c:/Users/admin/Desktop/cygao/20260720/fpga_pll_mash111_dtc_ssc/FPGA_SSC_PLL/FPGA_SSC_PLL.gen/sources_1/ip/ila_0/ila_v6_2/constraints/ila.xdc (Line: 72)
Related violations: <none>

CLKC-30#1 Advisory
MMCME4 not driven by IO has BUFG in feedback loop  
The MMCME4 cell u_mmcm_pll/inst/mmcme4_adv_inst has a BUFGCTRL u_mux_pll_ref clock buffer in the feedback loop, but the clock input is not directly driven by an I/O to create a Zero Delay Buffer Clock (a common use for having a buffer in the feedback loop). If there is no specific need for this buffer in the feedback loop (e.g. no timing paths between CLKINx/CLKOUTx domains or low latency requirement), then it is suggested to remove that BUFG* from the feedback path. This will allow for a lower power solution and free the clock resource for other purposes.
Related violations: <none>

CLKC-36#1 Advisory
BUFGCTRL with MMCM-PLL driver in same region with BUFGCE  
The BUFGCTRL cell u_mux_pll_01 is driven by BUFGCTRL u_mmcm_pll/inst/mmcme4_adv_inst in the same CLOCK_REGION, but with an intervening BUFGCE u_mmcm_pll/inst/clkout1_buf. This BUFGCE is not needed and should be removed.MMCME4_ADV
Related violations: <none>

CLKC-53#1 Advisory
FD or LUT drives multiple BUFGs  
The FDCE cell u_fracn_div/u_dual_div/u_p_counter/u_ld_dff/Q_reg drives multiple clock buffers in parallel (see list). This is not a recommended clocking structure as it results in difficult timing closure because of the variable skew between the corresponding clocks throughout the implementation flow. Xilinx recommends to combine the clock buffers or reconnect the buffers to an input buffer, or MMCM/PLL primitive, and use the clock buffer divide and enable features as needed. If the clocking logic cannot be modified, consider constraining the clock buffers and their driver as close to each other as possible. The parallel clock buffers are: u_fracn_div/u_dual_div/u_p_counter/u_ld_dff/Q_reg_0_BUFG_inst
u_sys_bufg_fracn_out
Related violations: <none>

CLKC-56#1 Advisory
MMCME4 with global clock driver has no LOC  
The MMCME4_ADV cell u_mmcm_pll/inst/mmcme4_adv_inst CLKIN1 or CLKIN2 pin is driven by global Clock buffer(s) u_sys_bufg_2 and does not have a LOC constraint. It is recommended to LOC the MMCM and use the CLOCK_DEDICATED_ROUTE constraint on the net(s) driven by the global Clock buffer(s).
Related violations: <none>

LATCH-1#1 Advisory
Existing latches in the design  
There are 34 latches found in the design. Inferred latches are often the result of HDL coding mistakes, such as incomplete if or case statements.
Related violations: <none>


