
*** Running vivado
    with args -log fpga_ssc_pll_top.vdi -applog -m64 -product Vivado -messageDb vivado.pb -mode batch -source fpga_ssc_pll_top.tcl -notrace



****** Vivado v2024.2 (64-bit)
  **** SW Build 5239630 on Fri Nov 08 22:35:27 MST 2024
  **** IP Build 5239520 on Sun Nov 10 16:12:51 MST 2024
  **** SharedData Build 5239561 on Fri Nov 08 14:39:27 MST 2024
  **** Start of session at: Tue Jul 21 13:17:36 2026
    ** Copyright 1986-2022 Xilinx, Inc. All Rights Reserved.
    ** Copyright 2022-2024 Advanced Micro Devices, Inc. All Rights Reserved.

source fpga_ssc_pll_top.tcl -notrace
create_project: Time (s): cpu = 00:00:03 ; elapsed = 00:00:05 . Memory (MB): peak = 618.707 ; gain = 189.121
Command: link_design -top fpga_ssc_pll_top -part xcvu9p-flga2104-2L-e
Design is defaulting to srcset: sources_1
Design is defaulting to constrset: constrs_1
INFO: [Device 21-403] Loading part xcvu9p-flga2104-2L-e
INFO: [Project 1-454] Reading design checkpoint 'c:/Users/admin/Desktop/cygao/20260720/fpga_pll_mash111_dtc_ssc/FPGA_SSC_PLL/FPGA_SSC_PLL.gen/sources_1/ip/ila_0/ila_0.dcp' for cell 'u_ila'
INFO: [Project 1-454] Reading design checkpoint 'c:/Users/admin/Desktop/cygao/20260720/fpga_pll_mash111_dtc_ssc/FPGA_SSC_PLL/FPGA_SSC_PLL.gen/sources_1/ip/clk_wiz_0/clk_wiz_0.dcp' for cell 'u_mmcm_pll'
INFO: [Project 1-454] Reading design checkpoint 'c:/Users/admin/Desktop/cygao/20260720/fpga_pll_mash111_dtc_ssc/FPGA_SSC_PLL/FPGA_SSC_PLL.gen/sources_1/ip/vio_0/vio_0.dcp' for cell 'u_vio'
INFO: [Project 1-454] Reading design checkpoint 'c:/Users/admin/Desktop/cygao/20260720/fpga_pll_mash111_dtc_ssc/FPGA_SSC_PLL/FPGA_SSC_PLL.gen/sources_1/ip/vio_rst/vio_rst.dcp' for cell 'u_vio_rst'
INFO: [Project 1-454] Reading design checkpoint 'c:/Users/admin/Desktop/cygao/20260720/fpga_pll_mash111_dtc_ssc/FPGA_SSC_PLL/FPGA_SSC_PLL.gen/sources_1/ip/test_clk/test_clk.dcp' for cell 'u_vio_test_clk'
INFO: [Project 1-454] Reading design checkpoint 'c:/Users/admin/Desktop/cygao/20260720/fpga_pll_mash111_dtc_ssc/FPGA_SSC_PLL/FPGA_SSC_PLL.gen/sources_1/ip/vio_1/vio_1.dcp' for cell 'u_dtc_ctrl/u_vio_dtc_comp'
INFO: [Project 1-454] Reading design checkpoint 'c:/Users/admin/Desktop/cygao/20260720/fpga_pll_mash111_dtc_ssc/FPGA_SSC_PLL/FPGA_SSC_PLL.gen/sources_1/ip/vio_eo/vio_eo.dcp' for cell 'u_fracn_div/u_vio_eo'
INFO: [Project 1-454] Reading design checkpoint 'c:/Users/admin/Desktop/cygao/20260720/fpga_pll_mash111_dtc_ssc/FPGA_SSC_PLL/FPGA_SSC_PLL.gen/sources_1/ip/ila_dualdiv/ila_dualdiv.dcp' for cell 'u_fracn_div/u_dual_div/u_ila_dualdiv'
INFO: [Project 1-454] Reading design checkpoint 'c:/Users/admin/Desktop/cygao/20260720/fpga_pll_mash111_dtc_ssc/FPGA_SSC_PLL/FPGA_SSC_PLL.gen/sources_1/ip/ila_1/ila_1.dcp' for cell 'u_fracn_div/u_mash111/u_ila'
INFO: [Project 1-454] Reading design checkpoint 'c:/Users/admin/Desktop/cygao/20260720/fpga_pll_mash111_dtc_ssc/FPGA_SSC_PLL/FPGA_SSC_PLL.gen/sources_1/ip/mash_stage/mash_stage.dcp' for cell 'u_fracn_div/u_mash111/u_mash_stage'
Netlist sorting complete. Time (s): cpu = 00:00:00 ; elapsed = 00:00:00.074 . Memory (MB): peak = 1765.656 ; gain = 0.000
INFO: [Netlist 29-17] Analyzing 3261 Unisim elements for replacement
CRITICAL WARNING: [Netlist 29-358] Reg 'u_fracn_div/u_calculate_ps/real_integer_reg[0]' of type 'FDCP' cannot be timed accurately. Hardware behavior may be unpredictable. Use check_timing command for more information. [C:/Users/admin/Desktop/cygao/20260720/fpga_pll_mash111_dtc_ssc/RTL/all/fractionaln/calculate_ps.v:28]
Resolution: Recode your design, so that you do not depend on both asynchronous set and reset for your desired functionality.
Convert at least one of them to synchronous signal, or get rid of at least one of those.
Often, the use of "initial" value will help you get rid of one of the asynchronous set/reset signals.
CRITICAL WARNING: [Netlist 29-358] Reg 'u_fracn_div/u_calculate_ps/real_integer_reg[1]' of type 'FDCP' cannot be timed accurately. Hardware behavior may be unpredictable. Use check_timing command for more information. [C:/Users/admin/Desktop/cygao/20260720/fpga_pll_mash111_dtc_ssc/RTL/all/fractionaln/calculate_ps.v:28]
Resolution: Recode your design, so that you do not depend on both asynchronous set and reset for your desired functionality.
Convert at least one of them to synchronous signal, or get rid of at least one of those.
Often, the use of "initial" value will help you get rid of one of the asynchronous set/reset signals.
CRITICAL WARNING: [Netlist 29-358] Reg 'u_fracn_div/u_calculate_ps/real_integer_reg[2]' of type 'FDCP' cannot be timed accurately. Hardware behavior may be unpredictable. Use check_timing command for more information. [C:/Users/admin/Desktop/cygao/20260720/fpga_pll_mash111_dtc_ssc/RTL/all/fractionaln/calculate_ps.v:28]
Resolution: Recode your design, so that you do not depend on both asynchronous set and reset for your desired functionality.
Convert at least one of them to synchronous signal, or get rid of at least one of those.
Often, the use of "initial" value will help you get rid of one of the asynchronous set/reset signals.
CRITICAL WARNING: [Netlist 29-358] Reg 'u_fracn_div/u_calculate_ps/real_integer_reg[3]' of type 'FDCP' cannot be timed accurately. Hardware behavior may be unpredictable. Use check_timing command for more information. [C:/Users/admin/Desktop/cygao/20260720/fpga_pll_mash111_dtc_ssc/RTL/all/fractionaln/calculate_ps.v:28]
Resolution: Recode your design, so that you do not depend on both asynchronous set and reset for your desired functionality.
Convert at least one of them to synchronous signal, or get rid of at least one of those.
Often, the use of "initial" value will help you get rid of one of the asynchronous set/reset signals.
CRITICAL WARNING: [Netlist 29-358] Reg 'u_fracn_div/u_calculate_ps/real_integer_reg[4]' of type 'FDCP' cannot be timed accurately. Hardware behavior may be unpredictable. Use check_timing command for more information. [C:/Users/admin/Desktop/cygao/20260720/fpga_pll_mash111_dtc_ssc/RTL/all/fractionaln/calculate_ps.v:28]
Resolution: Recode your design, so that you do not depend on both asynchronous set and reset for your desired functionality.
Convert at least one of them to synchronous signal, or get rid of at least one of those.
Often, the use of "initial" value will help you get rid of one of the asynchronous set/reset signals.
CRITICAL WARNING: [Netlist 29-358] Reg 'u_fracn_div/u_calculate_ps/real_integer_reg[5]' of type 'FDCP' cannot be timed accurately. Hardware behavior may be unpredictable. Use check_timing command for more information. [C:/Users/admin/Desktop/cygao/20260720/fpga_pll_mash111_dtc_ssc/RTL/all/fractionaln/calculate_ps.v:28]
Resolution: Recode your design, so that you do not depend on both asynchronous set and reset for your desired functionality.
Convert at least one of them to synchronous signal, or get rid of at least one of those.
Often, the use of "initial" value will help you get rid of one of the asynchronous set/reset signals.
CRITICAL WARNING: [Netlist 29-358] Reg 'u_fracn_div/u_calculate_ps/real_integer_reg[6]' of type 'FDCP' cannot be timed accurately. Hardware behavior may be unpredictable. Use check_timing command for more information. [C:/Users/admin/Desktop/cygao/20260720/fpga_pll_mash111_dtc_ssc/RTL/all/fractionaln/calculate_ps.v:28]
Resolution: Recode your design, so that you do not depend on both asynchronous set and reset for your desired functionality.
Convert at least one of them to synchronous signal, or get rid of at least one of those.
Often, the use of "initial" value will help you get rid of one of the asynchronous set/reset signals.
CRITICAL WARNING: [Netlist 29-358] Reg 'u_fracn_div/u_calculate_ps/real_integer_reg[7]' of type 'FDCP' cannot be timed accurately. Hardware behavior may be unpredictable. Use check_timing command for more information. [C:/Users/admin/Desktop/cygao/20260720/fpga_pll_mash111_dtc_ssc/RTL/all/fractionaln/calculate_ps.v:28]
Resolution: Recode your design, so that you do not depend on both asynchronous set and reset for your desired functionality.
Convert at least one of them to synchronous signal, or get rid of at least one of those.
Often, the use of "initial" value will help you get rid of one of the asynchronous set/reset signals.
CRITICAL WARNING: [Netlist 29-358] Reg 'u_fracn_div/u_dual_div/u_p_counter/BLOCK1[0].u_dff/Q_reg' of type 'FDCP' cannot be timed accurately. Hardware behavior may be unpredictable. Use check_timing command for more information. [C:/Users/admin/Desktop/cygao/20260720/fpga_pll_mash111_dtc_ssc/RTL/all/fractionaln/dff.v:15]
Resolution: Recode your design, so that you do not depend on both asynchronous set and reset for your desired functionality.
Convert at least one of them to synchronous signal, or get rid of at least one of those.
Often, the use of "initial" value will help you get rid of one of the asynchronous set/reset signals.
CRITICAL WARNING: [Netlist 29-358] Reg 'u_fracn_div/u_dual_div/u_p_counter/BLOCK1[1].u_dff/Q_reg' of type 'FDCP' cannot be timed accurately. Hardware behavior may be unpredictable. Use check_timing command for more information. [C:/Users/admin/Desktop/cygao/20260720/fpga_pll_mash111_dtc_ssc/RTL/all/fractionaln/dff.v:15]
Resolution: Recode your design, so that you do not depend on both asynchronous set and reset for your desired functionality.
Convert at least one of them to synchronous signal, or get rid of at least one of those.
Often, the use of "initial" value will help you get rid of one of the asynchronous set/reset signals.
CRITICAL WARNING: [Netlist 29-358] Reg 'u_fracn_div/u_dual_div/u_p_counter/BLOCK1[2].u_dff/Q_reg' of type 'FDCP' cannot be timed accurately. Hardware behavior may be unpredictable. Use check_timing command for more information. [C:/Users/admin/Desktop/cygao/20260720/fpga_pll_mash111_dtc_ssc/RTL/all/fractionaln/dff.v:15]
Resolution: Recode your design, so that you do not depend on both asynchronous set and reset for your desired functionality.
Convert at least one of them to synchronous signal, or get rid of at least one of those.
Often, the use of "initial" value will help you get rid of one of the asynchronous set/reset signals.
CRITICAL WARNING: [Netlist 29-358] Reg 'u_fracn_div/u_dual_div/u_p_counter/BLOCK1[3].u_dff/Q_reg' of type 'FDCP' cannot be timed accurately. Hardware behavior may be unpredictable. Use check_timing command for more information. [C:/Users/admin/Desktop/cygao/20260720/fpga_pll_mash111_dtc_ssc/RTL/all/fractionaln/dff.v:15]
Resolution: Recode your design, so that you do not depend on both asynchronous set and reset for your desired functionality.
Convert at least one of them to synchronous signal, or get rid of at least one of those.
Often, the use of "initial" value will help you get rid of one of the asynchronous set/reset signals.
CRITICAL WARNING: [Netlist 29-358] Reg 'u_fracn_div/u_dual_div/u_p_counter/BLOCK1[4].u_dff/Q_reg' of type 'FDCP' cannot be timed accurately. Hardware behavior may be unpredictable. Use check_timing command for more information. [C:/Users/admin/Desktop/cygao/20260720/fpga_pll_mash111_dtc_ssc/RTL/all/fractionaln/dff.v:15]
Resolution: Recode your design, so that you do not depend on both asynchronous set and reset for your desired functionality.
Convert at least one of them to synchronous signal, or get rid of at least one of those.
Often, the use of "initial" value will help you get rid of one of the asynchronous set/reset signals.
CRITICAL WARNING: [Netlist 29-358] Reg 'u_fracn_div/u_dual_div/u_p_counter/BLOCK1[5].u_dff/Q_reg' of type 'FDCP' cannot be timed accurately. Hardware behavior may be unpredictable. Use check_timing command for more information. [C:/Users/admin/Desktop/cygao/20260720/fpga_pll_mash111_dtc_ssc/RTL/all/fractionaln/dff.v:15]
Resolution: Recode your design, so that you do not depend on both asynchronous set and reset for your desired functionality.
Convert at least one of them to synchronous signal, or get rid of at least one of those.
Often, the use of "initial" value will help you get rid of one of the asynchronous set/reset signals.
CRITICAL WARNING: [Netlist 29-358] Reg 'u_fracn_div/u_dual_div/u_s_counter/BLOCK1[0].u_dff/Q_reg' of type 'FDCP' cannot be timed accurately. Hardware behavior may be unpredictable. Use check_timing command for more information. [C:/Users/admin/Desktop/cygao/20260720/fpga_pll_mash111_dtc_ssc/RTL/all/fractionaln/dff.v:15]
Resolution: Recode your design, so that you do not depend on both asynchronous set and reset for your desired functionality.
Convert at least one of them to synchronous signal, or get rid of at least one of those.
Often, the use of "initial" value will help you get rid of one of the asynchronous set/reset signals.
CRITICAL WARNING: [Netlist 29-358] Reg 'u_fracn_div/u_dual_div/u_s_counter/BLOCK1[1].u_dff/Q_reg' of type 'FDCP' cannot be timed accurately. Hardware behavior may be unpredictable. Use check_timing command for more information. [C:/Users/admin/Desktop/cygao/20260720/fpga_pll_mash111_dtc_ssc/RTL/all/fractionaln/dff.v:15]
Resolution: Recode your design, so that you do not depend on both asynchronous set and reset for your desired functionality.
Convert at least one of them to synchronous signal, or get rid of at least one of those.
Often, the use of "initial" value will help you get rid of one of the asynchronous set/reset signals.
CRITICAL WARNING: [Netlist 29-358] Reg 'u_ssc_ctrl/ssc_frac_reg[0]' of type 'FDCP' cannot be timed accurately. Hardware behavior may be unpredictable. Use check_timing command for more information. [C:/Users/admin/Desktop/cygao/20260720/fpga_pll_mash111_dtc_ssc/FPGA_SSC_PLL/FPGA_SSC_PLL.srcs/sources_1/new/ssc_controller.v:92]
Resolution: Recode your design, so that you do not depend on both asynchronous set and reset for your desired functionality.
Convert at least one of them to synchronous signal, or get rid of at least one of those.
Often, the use of "initial" value will help you get rid of one of the asynchronous set/reset signals.
CRITICAL WARNING: [Netlist 29-358] Reg 'u_ssc_ctrl/ssc_frac_reg[1]' of type 'FDCP' cannot be timed accurately. Hardware behavior may be unpredictable. Use check_timing command for more information. [C:/Users/admin/Desktop/cygao/20260720/fpga_pll_mash111_dtc_ssc/FPGA_SSC_PLL/FPGA_SSC_PLL.srcs/sources_1/new/ssc_controller.v:92]
Resolution: Recode your design, so that you do not depend on both asynchronous set and reset for your desired functionality.
Convert at least one of them to synchronous signal, or get rid of at least one of those.
Often, the use of "initial" value will help you get rid of one of the asynchronous set/reset signals.
CRITICAL WARNING: [Netlist 29-358] Reg 'u_ssc_ctrl/ssc_frac_reg[2]' of type 'FDCP' cannot be timed accurately. Hardware behavior may be unpredictable. Use check_timing command for more information. [C:/Users/admin/Desktop/cygao/20260720/fpga_pll_mash111_dtc_ssc/FPGA_SSC_PLL/FPGA_SSC_PLL.srcs/sources_1/new/ssc_controller.v:92]
Resolution: Recode your design, so that you do not depend on both asynchronous set and reset for your desired functionality.
Convert at least one of them to synchronous signal, or get rid of at least one of those.
Often, the use of "initial" value will help you get rid of one of the asynchronous set/reset signals.
CRITICAL WARNING: [Netlist 29-358] Reg 'u_ssc_ctrl/ssc_frac_reg[3]' of type 'FDCP' cannot be timed accurately. Hardware behavior may be unpredictable. Use check_timing command for more information. [C:/Users/admin/Desktop/cygao/20260720/fpga_pll_mash111_dtc_ssc/FPGA_SSC_PLL/FPGA_SSC_PLL.srcs/sources_1/new/ssc_controller.v:92]
Resolution: Recode your design, so that you do not depend on both asynchronous set and reset for your desired functionality.
Convert at least one of them to synchronous signal, or get rid of at least one of those.
Often, the use of "initial" value will help you get rid of one of the asynchronous set/reset signals.
CRITICAL WARNING: [Netlist 29-358] Reg 'u_ssc_ctrl/ssc_frac_reg[4]' of type 'FDCP' cannot be timed accurately. Hardware behavior may be unpredictable. Use check_timing command for more information. [C:/Users/admin/Desktop/cygao/20260720/fpga_pll_mash111_dtc_ssc/FPGA_SSC_PLL/FPGA_SSC_PLL.srcs/sources_1/new/ssc_controller.v:92]
Resolution: Recode your design, so that you do not depend on both asynchronous set and reset for your desired functionality.
Convert at least one of them to synchronous signal, or get rid of at least one of those.
Often, the use of "initial" value will help you get rid of one of the asynchronous set/reset signals.
CRITICAL WARNING: [Netlist 29-358] Reg 'u_ssc_ctrl/ssc_frac_reg[5]' of type 'FDCP' cannot be timed accurately. Hardware behavior may be unpredictable. Use check_timing command for more information. [C:/Users/admin/Desktop/cygao/20260720/fpga_pll_mash111_dtc_ssc/FPGA_SSC_PLL/FPGA_SSC_PLL.srcs/sources_1/new/ssc_controller.v:92]
Resolution: Recode your design, so that you do not depend on both asynchronous set and reset for your desired functionality.
Convert at least one of them to synchronous signal, or get rid of at least one of those.
Often, the use of "initial" value will help you get rid of one of the asynchronous set/reset signals.
CRITICAL WARNING: [Netlist 29-358] Reg 'u_ssc_ctrl/ssc_frac_reg[6]' of type 'FDCP' cannot be timed accurately. Hardware behavior may be unpredictable. Use check_timing command for more information. [C:/Users/admin/Desktop/cygao/20260720/fpga_pll_mash111_dtc_ssc/FPGA_SSC_PLL/FPGA_SSC_PLL.srcs/sources_1/new/ssc_controller.v:92]
Resolution: Recode your design, so that you do not depend on both asynchronous set and reset for your desired functionality.
Convert at least one of them to synchronous signal, or get rid of at least one of those.
Often, the use of "initial" value will help you get rid of one of the asynchronous set/reset signals.
CRITICAL WARNING: [Netlist 29-358] Reg 'u_ssc_ctrl/ssc_frac_reg[7]' of type 'FDCP' cannot be timed accurately. Hardware behavior may be unpredictable. Use check_timing command for more information. [C:/Users/admin/Desktop/cygao/20260720/fpga_pll_mash111_dtc_ssc/FPGA_SSC_PLL/FPGA_SSC_PLL.srcs/sources_1/new/ssc_controller.v:92]
Resolution: Recode your design, so that you do not depend on both asynchronous set and reset for your desired functionality.
Convert at least one of them to synchronous signal, or get rid of at least one of those.
Often, the use of "initial" value will help you get rid of one of the asynchronous set/reset signals.
CRITICAL WARNING: [Netlist 29-358] Reg 'u_ssc_ctrl/ssc_frac_reg[8]' of type 'FDCP' cannot be timed accurately. Hardware behavior may be unpredictable. Use check_timing command for more information. [C:/Users/admin/Desktop/cygao/20260720/fpga_pll_mash111_dtc_ssc/FPGA_SSC_PLL/FPGA_SSC_PLL.srcs/sources_1/new/ssc_controller.v:92]
Resolution: Recode your design, so that you do not depend on both asynchronous set and reset for your desired functionality.
Convert at least one of them to synchronous signal, or get rid of at least one of those.
Often, the use of "initial" value will help you get rid of one of the asynchronous set/reset signals.
CRITICAL WARNING: [Netlist 29-358] Reg 'u_ssc_ctrl/ssc_frac_reg[9]' of type 'FDCP' cannot be timed accurately. Hardware behavior may be unpredictable. Use check_timing command for more information. [C:/Users/admin/Desktop/cygao/20260720/fpga_pll_mash111_dtc_ssc/FPGA_SSC_PLL/FPGA_SSC_PLL.srcs/sources_1/new/ssc_controller.v:92]
Resolution: Recode your design, so that you do not depend on both asynchronous set and reset for your desired functionality.
Convert at least one of them to synchronous signal, or get rid of at least one of those.
Often, the use of "initial" value will help you get rid of one of the asynchronous set/reset signals.
CRITICAL WARNING: [Netlist 29-358] Reg 'u_ssc_ctrl/ssc_int_reg[0]' of type 'FDCP' cannot be timed accurately. Hardware behavior may be unpredictable. Use check_timing command for more information. [C:/Users/admin/Desktop/cygao/20260720/fpga_pll_mash111_dtc_ssc/FPGA_SSC_PLL/FPGA_SSC_PLL.srcs/sources_1/new/ssc_controller.v:91]
Resolution: Recode your design, so that you do not depend on both asynchronous set and reset for your desired functionality.
Convert at least one of them to synchronous signal, or get rid of at least one of those.
Often, the use of "initial" value will help you get rid of one of the asynchronous set/reset signals.
CRITICAL WARNING: [Netlist 29-358] Reg 'u_ssc_ctrl/ssc_int_reg[1]' of type 'FDCP' cannot be timed accurately. Hardware behavior may be unpredictable. Use check_timing command for more information. [C:/Users/admin/Desktop/cygao/20260720/fpga_pll_mash111_dtc_ssc/FPGA_SSC_PLL/FPGA_SSC_PLL.srcs/sources_1/new/ssc_controller.v:91]
Resolution: Recode your design, so that you do not depend on both asynchronous set and reset for your desired functionality.
Convert at least one of them to synchronous signal, or get rid of at least one of those.
Often, the use of "initial" value will help you get rid of one of the asynchronous set/reset signals.
CRITICAL WARNING: [Netlist 29-358] Reg 'u_ssc_ctrl/ssc_int_reg[2]' of type 'FDCP' cannot be timed accurately. Hardware behavior may be unpredictable. Use check_timing command for more information. [C:/Users/admin/Desktop/cygao/20260720/fpga_pll_mash111_dtc_ssc/FPGA_SSC_PLL/FPGA_SSC_PLL.srcs/sources_1/new/ssc_controller.v:91]
Resolution: Recode your design, so that you do not depend on both asynchronous set and reset for your desired functionality.
Convert at least one of them to synchronous signal, or get rid of at least one of those.
Often, the use of "initial" value will help you get rid of one of the asynchronous set/reset signals.
CRITICAL WARNING: [Netlist 29-358] Reg 'u_ssc_ctrl/ssc_int_reg[3]' of type 'FDCP' cannot be timed accurately. Hardware behavior may be unpredictable. Use check_timing command for more information. [C:/Users/admin/Desktop/cygao/20260720/fpga_pll_mash111_dtc_ssc/FPGA_SSC_PLL/FPGA_SSC_PLL.srcs/sources_1/new/ssc_controller.v:91]
Resolution: Recode your design, so that you do not depend on both asynchronous set and reset for your desired functionality.
Convert at least one of them to synchronous signal, or get rid of at least one of those.
Often, the use of "initial" value will help you get rid of one of the asynchronous set/reset signals.
CRITICAL WARNING: [Netlist 29-358] Reg 'u_ssc_ctrl/ssc_int_reg[4]' of type 'FDCP' cannot be timed accurately. Hardware behavior may be unpredictable. Use check_timing command for more information. [C:/Users/admin/Desktop/cygao/20260720/fpga_pll_mash111_dtc_ssc/FPGA_SSC_PLL/FPGA_SSC_PLL.srcs/sources_1/new/ssc_controller.v:91]
Resolution: Recode your design, so that you do not depend on both asynchronous set and reset for your desired functionality.
Convert at least one of them to synchronous signal, or get rid of at least one of those.
Often, the use of "initial" value will help you get rid of one of the asynchronous set/reset signals.
CRITICAL WARNING: [Netlist 29-358] Reg 'u_ssc_ctrl/ssc_int_reg[5]' of type 'FDCP' cannot be timed accurately. Hardware behavior may be unpredictable. Use check_timing command for more information. [C:/Users/admin/Desktop/cygao/20260720/fpga_pll_mash111_dtc_ssc/FPGA_SSC_PLL/FPGA_SSC_PLL.srcs/sources_1/new/ssc_controller.v:91]
Resolution: Recode your design, so that you do not depend on both asynchronous set and reset for your desired functionality.
Convert at least one of them to synchronous signal, or get rid of at least one of those.
Often, the use of "initial" value will help you get rid of one of the asynchronous set/reset signals.
CRITICAL WARNING: [Netlist 29-358] Reg 'u_ssc_ctrl/ssc_int_reg[6]' of type 'FDCP' cannot be timed accurately. Hardware behavior may be unpredictable. Use check_timing command for more information. [C:/Users/admin/Desktop/cygao/20260720/fpga_pll_mash111_dtc_ssc/FPGA_SSC_PLL/FPGA_SSC_PLL.srcs/sources_1/new/ssc_controller.v:91]
Resolution: Recode your design, so that you do not depend on both asynchronous set and reset for your desired functionality.
Convert at least one of them to synchronous signal, or get rid of at least one of those.
Often, the use of "initial" value will help you get rid of one of the asynchronous set/reset signals.
CRITICAL WARNING: [Netlist 29-358] Reg 'u_ssc_ctrl/ssc_int_reg[7]' of type 'FDCP' cannot be timed accurately. Hardware behavior may be unpredictable. Use check_timing command for more information. [C:/Users/admin/Desktop/cygao/20260720/fpga_pll_mash111_dtc_ssc/FPGA_SSC_PLL/FPGA_SSC_PLL.srcs/sources_1/new/ssc_controller.v:91]
Resolution: Recode your design, so that you do not depend on both asynchronous set and reset for your desired functionality.
Convert at least one of them to synchronous signal, or get rid of at least one of those.
Often, the use of "initial" value will help you get rid of one of the asynchronous set/reset signals.
INFO: [Netlist 29-28] Unisim Transformation completed in 0 CPU seconds
INFO: [Project 1-479] Netlist was created with Vivado 2024.2
INFO: [Project 1-570] Preparing netlist for logic optimization
INFO: [Chipscope 16-324] Core: u_dtc_ctrl/u_vio_dtc_comp UUID: fb177a5d-3852-5db6-a69a-7ce06a92a51b 
INFO: [Chipscope 16-324] Core: u_fracn_div/u_dual_div/u_ila_dualdiv UUID: 188aab4c-2f17-5103-bbdd-f3d8adac5f26 
INFO: [Chipscope 16-324] Core: u_fracn_div/u_mash111/u_ila UUID: 52ab7afc-5aea-5a2b-ab80-7c34ae8768e5 
INFO: [Chipscope 16-324] Core: u_fracn_div/u_mash111/u_mash_stage UUID: 3762f9dc-e234-5550-ba24-e735c623ea19 
INFO: [Chipscope 16-324] Core: u_fracn_div/u_vio_eo UUID: 4c2e4b3d-9c78-5710-b5d9-9eadaae1ed05 
INFO: [Chipscope 16-324] Core: u_ila UUID: c30a8330-47ba-5203-8dbc-7e3e3214d902 
INFO: [Chipscope 16-324] Core: u_vio UUID: 407d14e8-1cc9-58ef-8c2e-354d7bf170fd 
INFO: [Chipscope 16-324] Core: u_vio_rst UUID: 6f011b3a-6ade-5f3c-99a1-7b9fa5634531 
INFO: [Chipscope 16-324] Core: u_vio_test_clk UUID: 89a1fe76-bd48-5316-84e7-de16812acc96 
Parsing XDC File [c:/Users/admin/Desktop/cygao/20260720/fpga_pll_mash111_dtc_ssc/FPGA_SSC_PLL/FPGA_SSC_PLL.gen/sources_1/ip/clk_wiz_0/clk_wiz_0_board.xdc] for cell 'u_mmcm_pll/inst'
Finished Parsing XDC File [c:/Users/admin/Desktop/cygao/20260720/fpga_pll_mash111_dtc_ssc/FPGA_SSC_PLL/FPGA_SSC_PLL.gen/sources_1/ip/clk_wiz_0/clk_wiz_0_board.xdc] for cell 'u_mmcm_pll/inst'
Parsing XDC File [c:/Users/admin/Desktop/cygao/20260720/fpga_pll_mash111_dtc_ssc/FPGA_SSC_PLL/FPGA_SSC_PLL.gen/sources_1/ip/clk_wiz_0/clk_wiz_0.xdc] for cell 'u_mmcm_pll/inst'
Finished Parsing XDC File [c:/Users/admin/Desktop/cygao/20260720/fpga_pll_mash111_dtc_ssc/FPGA_SSC_PLL/FPGA_SSC_PLL.gen/sources_1/ip/clk_wiz_0/clk_wiz_0.xdc] for cell 'u_mmcm_pll/inst'
Parsing XDC File [c:/Users/admin/Desktop/cygao/20260720/fpga_pll_mash111_dtc_ssc/FPGA_SSC_PLL/FPGA_SSC_PLL.gen/sources_1/ip/vio_0/vio_0.xdc] for cell 'u_vio'
Finished Parsing XDC File [c:/Users/admin/Desktop/cygao/20260720/fpga_pll_mash111_dtc_ssc/FPGA_SSC_PLL/FPGA_SSC_PLL.gen/sources_1/ip/vio_0/vio_0.xdc] for cell 'u_vio'
Parsing XDC File [c:/Users/admin/Desktop/cygao/20260720/fpga_pll_mash111_dtc_ssc/FPGA_SSC_PLL/FPGA_SSC_PLL.gen/sources_1/ip/test_clk/test_clk.xdc] for cell 'u_vio_test_clk'
Finished Parsing XDC File [c:/Users/admin/Desktop/cygao/20260720/fpga_pll_mash111_dtc_ssc/FPGA_SSC_PLL/FPGA_SSC_PLL.gen/sources_1/ip/test_clk/test_clk.xdc] for cell 'u_vio_test_clk'
Parsing XDC File [c:/Users/admin/Desktop/cygao/20260720/fpga_pll_mash111_dtc_ssc/FPGA_SSC_PLL/FPGA_SSC_PLL.gen/sources_1/ip/ila_0/ila_v6_2/constraints/ila_impl.xdc] for cell 'u_ila/inst'
Finished Parsing XDC File [c:/Users/admin/Desktop/cygao/20260720/fpga_pll_mash111_dtc_ssc/FPGA_SSC_PLL/FPGA_SSC_PLL.gen/sources_1/ip/ila_0/ila_v6_2/constraints/ila_impl.xdc] for cell 'u_ila/inst'
Parsing XDC File [c:/Users/admin/Desktop/cygao/20260720/fpga_pll_mash111_dtc_ssc/FPGA_SSC_PLL/FPGA_SSC_PLL.gen/sources_1/ip/ila_0/ila_v6_2/constraints/ila.xdc] for cell 'u_ila/inst'
Finished Parsing XDC File [c:/Users/admin/Desktop/cygao/20260720/fpga_pll_mash111_dtc_ssc/FPGA_SSC_PLL/FPGA_SSC_PLL.gen/sources_1/ip/ila_0/ila_v6_2/constraints/ila.xdc] for cell 'u_ila/inst'
Parsing XDC File [c:/Users/admin/Desktop/cygao/20260720/fpga_pll_mash111_dtc_ssc/FPGA_SSC_PLL/FPGA_SSC_PLL.gen/sources_1/ip/mash_stage/mash_stage.xdc] for cell 'u_fracn_div/u_mash111/u_mash_stage'
Finished Parsing XDC File [c:/Users/admin/Desktop/cygao/20260720/fpga_pll_mash111_dtc_ssc/FPGA_SSC_PLL/FPGA_SSC_PLL.gen/sources_1/ip/mash_stage/mash_stage.xdc] for cell 'u_fracn_div/u_mash111/u_mash_stage'
Parsing XDC File [c:/Users/admin/Desktop/cygao/20260720/fpga_pll_mash111_dtc_ssc/FPGA_SSC_PLL/FPGA_SSC_PLL.gen/sources_1/ip/ila_1/ila_v6_2/constraints/ila_impl.xdc] for cell 'u_fracn_div/u_mash111/u_ila/inst'
Finished Parsing XDC File [c:/Users/admin/Desktop/cygao/20260720/fpga_pll_mash111_dtc_ssc/FPGA_SSC_PLL/FPGA_SSC_PLL.gen/sources_1/ip/ila_1/ila_v6_2/constraints/ila_impl.xdc] for cell 'u_fracn_div/u_mash111/u_ila/inst'
Parsing XDC File [c:/Users/admin/Desktop/cygao/20260720/fpga_pll_mash111_dtc_ssc/FPGA_SSC_PLL/FPGA_SSC_PLL.gen/sources_1/ip/ila_1/ila_v6_2/constraints/ila.xdc] for cell 'u_fracn_div/u_mash111/u_ila/inst'
Finished Parsing XDC File [c:/Users/admin/Desktop/cygao/20260720/fpga_pll_mash111_dtc_ssc/FPGA_SSC_PLL/FPGA_SSC_PLL.gen/sources_1/ip/ila_1/ila_v6_2/constraints/ila.xdc] for cell 'u_fracn_div/u_mash111/u_ila/inst'
Parsing XDC File [c:/Users/admin/Desktop/cygao/20260720/fpga_pll_mash111_dtc_ssc/FPGA_SSC_PLL/FPGA_SSC_PLL.gen/sources_1/ip/ila_dualdiv/ila_v6_2/constraints/ila_impl.xdc] for cell 'u_fracn_div/u_dual_div/u_ila_dualdiv/inst'
Finished Parsing XDC File [c:/Users/admin/Desktop/cygao/20260720/fpga_pll_mash111_dtc_ssc/FPGA_SSC_PLL/FPGA_SSC_PLL.gen/sources_1/ip/ila_dualdiv/ila_v6_2/constraints/ila_impl.xdc] for cell 'u_fracn_div/u_dual_div/u_ila_dualdiv/inst'
Parsing XDC File [c:/Users/admin/Desktop/cygao/20260720/fpga_pll_mash111_dtc_ssc/FPGA_SSC_PLL/FPGA_SSC_PLL.gen/sources_1/ip/ila_dualdiv/ila_v6_2/constraints/ila.xdc] for cell 'u_fracn_div/u_dual_div/u_ila_dualdiv/inst'
Finished Parsing XDC File [c:/Users/admin/Desktop/cygao/20260720/fpga_pll_mash111_dtc_ssc/FPGA_SSC_PLL/FPGA_SSC_PLL.gen/sources_1/ip/ila_dualdiv/ila_v6_2/constraints/ila.xdc] for cell 'u_fracn_div/u_dual_div/u_ila_dualdiv/inst'
Parsing XDC File [c:/Users/admin/Desktop/cygao/20260720/fpga_pll_mash111_dtc_ssc/FPGA_SSC_PLL/FPGA_SSC_PLL.gen/sources_1/ip/vio_1/vio_1.xdc] for cell 'u_dtc_ctrl/u_vio_dtc_comp'
Finished Parsing XDC File [c:/Users/admin/Desktop/cygao/20260720/fpga_pll_mash111_dtc_ssc/FPGA_SSC_PLL/FPGA_SSC_PLL.gen/sources_1/ip/vio_1/vio_1.xdc] for cell 'u_dtc_ctrl/u_vio_dtc_comp'
Parsing XDC File [c:/Users/admin/Desktop/cygao/20260720/fpga_pll_mash111_dtc_ssc/FPGA_SSC_PLL/FPGA_SSC_PLL.gen/sources_1/ip/vio_rst/vio_rst.xdc] for cell 'u_vio_rst'
Finished Parsing XDC File [c:/Users/admin/Desktop/cygao/20260720/fpga_pll_mash111_dtc_ssc/FPGA_SSC_PLL/FPGA_SSC_PLL.gen/sources_1/ip/vio_rst/vio_rst.xdc] for cell 'u_vio_rst'
Parsing XDC File [c:/Users/admin/Desktop/cygao/20260720/fpga_pll_mash111_dtc_ssc/FPGA_SSC_PLL/FPGA_SSC_PLL.gen/sources_1/ip/vio_eo/vio_eo.xdc] for cell 'u_fracn_div/u_vio_eo'
Finished Parsing XDC File [c:/Users/admin/Desktop/cygao/20260720/fpga_pll_mash111_dtc_ssc/FPGA_SSC_PLL/FPGA_SSC_PLL.gen/sources_1/ip/vio_eo/vio_eo.xdc] for cell 'u_fracn_div/u_vio_eo'
Parsing XDC File [C:/Users/admin/Desktop/cygao/20260720/fpga_pll_mash111_dtc_ssc/FPGA_SSC_PLL/FPGA_SSC_PLL.srcs/constrs_1/new/TOP.xdc]
WARNING: [Constraints 18-633] Creating clock dtc_code with 9 sources. [C:/Users/admin/Desktop/cygao/20260720/fpga_pll_mash111_dtc_ssc/FPGA_SSC_PLL/FPGA_SSC_PLL.srcs/constrs_1/new/TOP.xdc:45]
Finished Parsing XDC File [C:/Users/admin/Desktop/cygao/20260720/fpga_pll_mash111_dtc_ssc/FPGA_SSC_PLL/FPGA_SSC_PLL.srcs/constrs_1/new/TOP.xdc]
INFO: [Opt 31-138] Pushed 0 inverter(s) to 0 load pin(s).
INFO: [Project 1-1687] 6 scoped IP constraints or related sub-commands were skipped due to synthesis logic optimizations usually triggered by constant connectivity or unconnected output pins. To review the skipped constraints and messages, run the command 'set_param netlist.IPMsgFiltering false' before opening the design.
Netlist sorting complete. Time (s): cpu = 00:00:00 ; elapsed = 00:00:00.002 . Memory (MB): peak = 2241.758 ; gain = 0.000
INFO: [Project 1-111] Unisim Transformation Summary:
  A total of 221 instances were transformed.
  CFGLUT5 => CFGLUT5 (SRL16E, SRLC32E): 184 instances
  DSP48E2 => DSP48E2 (DSP_ALU, DSP_A_B_DATA, DSP_C_DATA, DSP_MULTIPLIER, DSP_M_DATA, DSP_OUTPUT, DSP_PREADD, DSP_PREADD_DATA): 1 instance 
  FDCP => FDCP (FDCE, FDPE, LDCE, LUT3, VCC): 34 instances
  IBUF => IBUF (IBUFCTRL, INBUF): 1 instance 
  IBUFDS => IBUFDS (DIFFINBUF, IBUFCTRL): 1 instance 

27 Infos, 1 Warnings, 34 Critical Warnings and 0 Errors encountered.
link_design completed successfully
link_design: Time (s): cpu = 00:00:09 ; elapsed = 00:00:16 . Memory (MB): peak = 2241.758 ; gain = 1557.500
Command: opt_design
Attempting to get a license for feature 'Implementation' and/or device 'xcvu9p'
INFO: [Common 17-349] Got license for feature 'Implementation' and/or device 'xcvu9p'
Running DRC as a precondition to command opt_design

Starting DRC Task
INFO: [DRC 23-27] Running DRC with 2 threads
INFO: [Project 1-461] DRC finished with 0 Errors
INFO: [Project 1-462] Please refer to the DRC report (report_drc) for more information.

Time (s): cpu = 00:00:02 ; elapsed = 00:00:01 . Memory (MB): peak = 2289.836 ; gain = 48.078

Starting Cache Timing Information Task
WARNING: [Constraints 18-633] Creating clock dtc_code with 9 sources. [C:/Users/admin/Desktop/cygao/20260720/fpga_pll_mash111_dtc_ssc/FPGA_SSC_PLL/FPGA_SSC_PLL.srcs/constrs_1/new/TOP.xdc:45]
INFO: [Timing 38-35] Done setting XDC timing constraints.
Ending Cache Timing Information Task | Checksum: 155fc2132

Time (s): cpu = 00:00:01 ; elapsed = 00:00:02 . Memory (MB): peak = 2673.996 ; gain = 384.160

Starting Logic Optimization Task

Phase 1 Initialization

Phase 1.1 Core Generation And Design Setup

Phase 1.1.1 Generate And Synthesize Debug Cores
INFO: [Chipscope 16-329] Generating Script for core instance : dbg_hub 
INFO: [IP_Flow 19-3806] Processing IP xilinx.com:ip:xsdbm:3.0 for cell dbg_hub_CV.
INFO: [Chipscope 16-469] Using cached IP synthesis design for IP xilinx.com:ip:xsdbm:3.0, cache-ID = 4378d71099db95c1.
Done building netlist checker database: Time (s): cpu = 00:00:00 ; elapsed = 00:00:00.004 . Memory (MB): peak = 3116.516 ; gain = 0.000
Netlist sorting complete. Time (s): cpu = 00:00:00 ; elapsed = 00:00:00.018 . Memory (MB): peak = 3116.516 ; gain = 0.000
Phase 1.1.1 Generate And Synthesize Debug Cores | Checksum: 267c0a1a2

Time (s): cpu = 00:00:01 ; elapsed = 00:00:12 . Memory (MB): peak = 3116.516 ; gain = 22.371
Phase 1.1 Core Generation And Design Setup | Checksum: 267c0a1a2

Time (s): cpu = 00:00:01 ; elapsed = 00:00:12 . Memory (MB): peak = 3116.516 ; gain = 22.371

Phase 1.2 Setup Constraints And Sort Netlist
Phase 1.2 Setup Constraints And Sort Netlist | Checksum: 267c0a1a2

Time (s): cpu = 00:00:01 ; elapsed = 00:00:12 . Memory (MB): peak = 3116.516 ; gain = 22.371
Phase 1 Initialization | Checksum: 267c0a1a2

Time (s): cpu = 00:00:01 ; elapsed = 00:00:12 . Memory (MB): peak = 3116.516 ; gain = 22.371

Phase 2 Timer Update And Timing Data Collection

Phase 2.1 Timer Update
Phase 2.1 Timer Update | Checksum: 267c0a1a2

Time (s): cpu = 00:00:01 ; elapsed = 00:00:12 . Memory (MB): peak = 3116.516 ; gain = 22.371

Phase 2.2 Timing Data Collection
Phase 2.2 Timing Data Collection | Checksum: 267c0a1a2

Time (s): cpu = 00:00:01 ; elapsed = 00:00:12 . Memory (MB): peak = 3116.516 ; gain = 22.371
Phase 2 Timer Update And Timing Data Collection | Checksum: 267c0a1a2

Time (s): cpu = 00:00:01 ; elapsed = 00:00:12 . Memory (MB): peak = 3116.516 ; gain = 22.371

Phase 3 Retarget
INFO: [Opt 31-1851] Number of loadless carry chains removed were: 0
INFO: [Opt 31-1834] Total Chains To Be Transformed Were: 0 AND Number of Transformed insts Created are: 0
INFO: [Opt 31-1566] Pulled 2 inverters resulting in an inversion of 25 pins
CRITICAL WARNING: [Netlist 29-358] Reg 'u_fracn_div/u_calculate_ps/real_integer_reg[0]' of type 'FDCP' cannot be timed accurately. Hardware behavior may be unpredictable. Use check_timing command for more information.
Resolution: Recode your design, so that you do not depend on both asynchronous set and reset for your desired functionality.
Convert at least one of them to synchronous signal, or get rid of at least one of those.
Often, the use of "initial" value will help you get rid of one of the asynchronous set/reset signals.
CRITICAL WARNING: [Netlist 29-358] Reg 'u_fracn_div/u_calculate_ps/real_integer_reg[0]' of type 'FDCP' cannot be timed accurately. Hardware behavior may be unpredictable. Use check_timing command for more information.
Resolution: Recode your design, so that you do not depend on both asynchronous set and reset for your desired functionality.
Convert at least one of them to synchronous signal, or get rid of at least one of those.
Often, the use of "initial" value will help you get rid of one of the asynchronous set/reset signals.
CRITICAL WARNING: [Netlist 29-358] Reg 'u_fracn_div/u_calculate_ps/real_integer_reg[1]' of type 'FDCP' cannot be timed accurately. Hardware behavior may be unpredictable. Use check_timing command for more information.
Resolution: Recode your design, so that you do not depend on both asynchronous set and reset for your desired functionality.
Convert at least one of them to synchronous signal, or get rid of at least one of those.
Often, the use of "initial" value will help you get rid of one of the asynchronous set/reset signals.
CRITICAL WARNING: [Netlist 29-358] Reg 'u_fracn_div/u_calculate_ps/real_integer_reg[1]' of type 'FDCP' cannot be timed accurately. Hardware behavior may be unpredictable. Use check_timing command for more information.
Resolution: Recode your design, so that you do not depend on both asynchronous set and reset for your desired functionality.
Convert at least one of them to synchronous signal, or get rid of at least one of those.
Often, the use of "initial" value will help you get rid of one of the asynchronous set/reset signals.
CRITICAL WARNING: [Netlist 29-358] Reg 'u_fracn_div/u_calculate_ps/real_integer_reg[2]' of type 'FDCP' cannot be timed accurately. Hardware behavior may be unpredictable. Use check_timing command for more information.
Resolution: Recode your design, so that you do not depend on both asynchronous set and reset for your desired functionality.
Convert at least one of them to synchronous signal, or get rid of at least one of those.
Often, the use of "initial" value will help you get rid of one of the asynchronous set/reset signals.
CRITICAL WARNING: [Netlist 29-358] Reg 'u_fracn_div/u_calculate_ps/real_integer_reg[2]' of type 'FDCP' cannot be timed accurately. Hardware behavior may be unpredictable. Use check_timing command for more information.
Resolution: Recode your design, so that you do not depend on both asynchronous set and reset for your desired functionality.
Convert at least one of them to synchronous signal, or get rid of at least one of those.
Often, the use of "initial" value will help you get rid of one of the asynchronous set/reset signals.
CRITICAL WARNING: [Netlist 29-358] Reg 'u_fracn_div/u_calculate_ps/real_integer_reg[3]' of type 'FDCP' cannot be timed accurately. Hardware behavior may be unpredictable. Use check_timing command for more information.
Resolution: Recode your design, so that you do not depend on both asynchronous set and reset for your desired functionality.
Convert at least one of them to synchronous signal, or get rid of at least one of those.
Often, the use of "initial" value will help you get rid of one of the asynchronous set/reset signals.
CRITICAL WARNING: [Netlist 29-358] Reg 'u_fracn_div/u_calculate_ps/real_integer_reg[3]' of type 'FDCP' cannot be timed accurately. Hardware behavior may be unpredictable. Use check_timing command for more information.
Resolution: Recode your design, so that you do not depend on both asynchronous set and reset for your desired functionality.
Convert at least one of them to synchronous signal, or get rid of at least one of those.
Often, the use of "initial" value will help you get rid of one of the asynchronous set/reset signals.
CRITICAL WARNING: [Netlist 29-358] Reg 'u_fracn_div/u_calculate_ps/real_integer_reg[4]' of type 'FDCP' cannot be timed accurately. Hardware behavior may be unpredictable. Use check_timing command for more information.
Resolution: Recode your design, so that you do not depend on both asynchronous set and reset for your desired functionality.
Convert at least one of them to synchronous signal, or get rid of at least one of those.
Often, the use of "initial" value will help you get rid of one of the asynchronous set/reset signals.
CRITICAL WARNING: [Netlist 29-358] Reg 'u_fracn_div/u_calculate_ps/real_integer_reg[4]' of type 'FDCP' cannot be timed accurately. Hardware behavior may be unpredictable. Use check_timing command for more information.
Resolution: Recode your design, so that you do not depend on both asynchronous set and reset for your desired functionality.
Convert at least one of them to synchronous signal, or get rid of at least one of those.
Often, the use of "initial" value will help you get rid of one of the asynchronous set/reset signals.
CRITICAL WARNING: [Netlist 29-358] Reg 'u_fracn_div/u_calculate_ps/real_integer_reg[5]' of type 'FDCP' cannot be timed accurately. Hardware behavior may be unpredictable. Use check_timing command for more information.
Resolution: Recode your design, so that you do not depend on both asynchronous set and reset for your desired functionality.
Convert at least one of them to synchronous signal, or get rid of at least one of those.
Often, the use of "initial" value will help you get rid of one of the asynchronous set/reset signals.
CRITICAL WARNING: [Netlist 29-358] Reg 'u_fracn_div/u_calculate_ps/real_integer_reg[5]' of type 'FDCP' cannot be timed accurately. Hardware behavior may be unpredictable. Use check_timing command for more information.
Resolution: Recode your design, so that you do not depend on both asynchronous set and reset for your desired functionality.
Convert at least one of them to synchronous signal, or get rid of at least one of those.
Often, the use of "initial" value will help you get rid of one of the asynchronous set/reset signals.
CRITICAL WARNING: [Netlist 29-358] Reg 'u_fracn_div/u_calculate_ps/real_integer_reg[6]' of type 'FDCP' cannot be timed accurately. Hardware behavior may be unpredictable. Use check_timing command for more information.
Resolution: Recode your design, so that you do not depend on both asynchronous set and reset for your desired functionality.
Convert at least one of them to synchronous signal, or get rid of at least one of those.
Often, the use of "initial" value will help you get rid of one of the asynchronous set/reset signals.
CRITICAL WARNING: [Netlist 29-358] Reg 'u_fracn_div/u_calculate_ps/real_integer_reg[6]' of type 'FDCP' cannot be timed accurately. Hardware behavior may be unpredictable. Use check_timing command for more information.
Resolution: Recode your design, so that you do not depend on both asynchronous set and reset for your desired functionality.
Convert at least one of them to synchronous signal, or get rid of at least one of those.
Often, the use of "initial" value will help you get rid of one of the asynchronous set/reset signals.
CRITICAL WARNING: [Netlist 29-358] Reg 'u_fracn_div/u_calculate_ps/real_integer_reg[7]' of type 'FDCP' cannot be timed accurately. Hardware behavior may be unpredictable. Use check_timing command for more information.
Resolution: Recode your design, so that you do not depend on both asynchronous set and reset for your desired functionality.
Convert at least one of them to synchronous signal, or get rid of at least one of those.
Often, the use of "initial" value will help you get rid of one of the asynchronous set/reset signals.
CRITICAL WARNING: [Netlist 29-358] Reg 'u_fracn_div/u_calculate_ps/real_integer_reg[7]' of type 'FDCP' cannot be timed accurately. Hardware behavior may be unpredictable. Use check_timing command for more information.
Resolution: Recode your design, so that you do not depend on both asynchronous set and reset for your desired functionality.
Convert at least one of them to synchronous signal, or get rid of at least one of those.
Often, the use of "initial" value will help you get rid of one of the asynchronous set/reset signals.
INFO: [Opt 31-138] Pushed 18 inverter(s) to 247 load pin(s).
INFO: [Opt 31-422] The CLOCK_DOMAINS attribute on the BRAM cell u_fracn_div/u_dual_div/u_ila_dualdiv/inst/ila_core_inst/ila_trace_memory_inst/SUBCORE_RAM_BLK_MEM_1.trace_block_memory/inst_blk_mem_gen/gnbram.gnativebmg.native_blk_mem_gen/valid.cstr/ramloop[0].ram.r/prim_noinit.ram/DEVICE_8SERIES.NO_BMM_INFO.SDP.SIMPLE_PRIM18.ram has been changed from INDEPENDENT to COMMON to match the clocking topology used for the BRAM.
INFO: [Opt 31-422] The CLOCK_DOMAINS attribute on the BRAM cell u_fracn_div/u_mash111/u_ila/inst/ila_core_inst/ila_trace_memory_inst/SUBCORE_RAM_BLK_MEM_1.trace_block_memory/inst_blk_mem_gen/gnbram.gnativebmg.native_blk_mem_gen/valid.cstr/ramloop[0].ram.r/prim_noinit.ram/DEVICE_8SERIES.NO_BMM_INFO.SDP.SIMPLE_PRIM18.ram has been changed from INDEPENDENT to COMMON to match the clocking topology used for the BRAM.
INFO: [Opt 31-422] The CLOCK_DOMAINS attribute on the BRAM cell u_fracn_div/u_mash111/u_ila/inst/ila_core_inst/ila_trace_memory_inst/SUBCORE_RAM_BLK_MEM_1.trace_block_memory/inst_blk_mem_gen/gnbram.gnativebmg.native_blk_mem_gen/valid.cstr/ramloop[1].ram.r/prim_noinit.ram/DEVICE_8SERIES.NO_BMM_INFO.SDP.SIMPLE_PRIM36.ram has been changed from INDEPENDENT to COMMON to match the clocking topology used for the BRAM.
INFO: [Opt 31-422] The CLOCK_DOMAINS attribute on the BRAM cell u_ila/inst/ila_core_inst/ila_trace_memory_inst/SUBCORE_RAM_BLK_MEM_1.trace_block_memory/inst_blk_mem_gen/gnbram.gnativebmg.native_blk_mem_gen/valid.cstr/ramloop[0].ram.r/prim_noinit.ram/DEVICE_8SERIES.NO_BMM_INFO.SDP.SIMPLE_PRIM36.ram has been changed from INDEPENDENT to COMMON to match the clocking topology used for the BRAM.
INFO: [Opt 31-49] Retargeted 0 cell(s).
Phase 3 Retarget | Checksum: 1d103078e

Time (s): cpu = 00:00:01 ; elapsed = 00:00:12 . Memory (MB): peak = 3116.516 ; gain = 22.371
Retarget | Checksum: 1d103078e
INFO: [Opt 31-389] Phase Retarget created 18 cells and removed 43 cells
INFO: [Opt 31-1021] In phase Retarget, 1260 netlist objects are constrained preventing optimization. Please run opt_design with -debug_log to get more detail. 

Phase 4 Constant propagation
INFO: [Opt 31-138] Pushed 0 inverter(s) to 0 load pin(s).
Phase 4 Constant propagation | Checksum: 183d30f5e

Time (s): cpu = 00:00:01 ; elapsed = 00:00:13 . Memory (MB): peak = 3116.516 ; gain = 22.371
Constant propagation | Checksum: 183d30f5e
INFO: [Opt 31-389] Phase Constant propagation created 0 cells and removed 48 cells
INFO: [Opt 31-1021] In phase Constant propagation, 60 netlist objects are constrained preventing optimization. Please run opt_design with -debug_log to get more detail. 

Phase 5 Sweep
INFO: [Constraints 18-11670] Building netlist checker database with flags, 0x8
Done building netlist checker database: Time (s): cpu = 00:00:00 ; elapsed = 00:00:00.002 . Memory (MB): peak = 3116.516 ; gain = 0.000
INFO: [Constraints 18-11670] Building netlist checker database with flags, 0x8
Done building netlist checker database: Time (s): cpu = 00:00:00 ; elapsed = 00:00:00.003 . Memory (MB): peak = 3116.516 ; gain = 0.000
Phase 5 Sweep | Checksum: 24c6096b2

Time (s): cpu = 00:00:02 ; elapsed = 00:00:13 . Memory (MB): peak = 3116.516 ; gain = 22.371
Sweep | Checksum: 24c6096b2
INFO: [Opt 31-389] Phase Sweep created 0 cells and removed 140 cells
INFO: [Opt 31-1021] In phase Sweep, 4923 netlist objects are constrained preventing optimization. Please run opt_design with -debug_log to get more detail. 

Phase 6 BUFG optimization
INFO: [Opt 31-194] Inserted BUFG u_fracn_div/u_dual_div/u_p_counter/u_ld_dff/Q_reg_0_BUFG_inst to drive 128 load(s) on clock net u_fracn_div/u_dual_div/u_p_counter/u_ld_dff/Q_reg_0_BUFGCE
INFO: [Opt 31-193] Inserted 1 BUFG(s) on clock nets
INFO: [Opt 31-1077] Phase BUFG optimization inserted 0 global clock buffer(s) for CLOCK_LOW_FANOUT.
INFO: [Opt 31-274] Optimized connectivity to 1 cascaded buffer cells
Phase 6 BUFG optimization | Checksum: 23ccf483f

Time (s): cpu = 00:00:02 ; elapsed = 00:00:13 . Memory (MB): peak = 3116.516 ; gain = 22.371
BUFG optimization | Checksum: 23ccf483f
INFO: [Opt 31-662] Phase BUFG optimization created 2 cells of which 1 are BUFGs and removed 1 cells.
INFO: [Opt 31-1021] In phase BUFG optimization, 4 netlist objects are constrained preventing optimization. Please run opt_design with -debug_log to get more detail. 

Phase 7 Shift Register Optimization
INFO: [Opt 31-1064] SRL Remap converted 0 SRLs to 0 registers and converted 0 registers of register chains to 0 SRLs
Phase 7 Shift Register Optimization | Checksum: 23ccf483f

Time (s): cpu = 00:00:02 ; elapsed = 00:00:13 . Memory (MB): peak = 3116.516 ; gain = 22.371
Shift Register Optimization | Checksum: 23ccf483f
INFO: [Opt 31-389] Phase Shift Register Optimization created 0 cells and removed 0 cells

Phase 8 Post Processing Netlist
Phase 8 Post Processing Netlist | Checksum: 19146ceeb

Time (s): cpu = 00:00:02 ; elapsed = 00:00:13 . Memory (MB): peak = 3116.516 ; gain = 22.371
Post Processing Netlist | Checksum: 19146ceeb
INFO: [Opt 31-389] Phase Post Processing Netlist created 0 cells and removed 0 cells
INFO: [Opt 31-1021] In phase Post Processing Netlist, 67 netlist objects are constrained preventing optimization. Please run opt_design with -debug_log to get more detail. 

Phase 9 Finalization

Phase 9.1 Finalizing Design Cores and Updating Shapes
Phase 9.1 Finalizing Design Cores and Updating Shapes | Checksum: 1e9b0e2db

Time (s): cpu = 00:00:02 ; elapsed = 00:00:13 . Memory (MB): peak = 3116.516 ; gain = 22.371

Phase 9.2 Verifying Netlist Connectivity

Starting Connectivity Check Task

Time (s): cpu = 00:00:00 ; elapsed = 00:00:00.014 . Memory (MB): peak = 3116.516 ; gain = 0.000
Phase 9.2 Verifying Netlist Connectivity | Checksum: 1e9b0e2db

Time (s): cpu = 00:00:02 ; elapsed = 00:00:13 . Memory (MB): peak = 3116.516 ; gain = 22.371
Phase 9 Finalization | Checksum: 1e9b0e2db

Time (s): cpu = 00:00:02 ; elapsed = 00:00:13 . Memory (MB): peak = 3116.516 ; gain = 22.371
Opt_design Change Summary
=========================


-------------------------------------------------------------------------------------------------------------------------
|  Phase                        |  #Cells created  |  #Cells Removed  |  #Constrained objects preventing optimizations  |
-------------------------------------------------------------------------------------------------------------------------
|  Retarget                     |              18  |              43  |                                           1260  |
|  Constant propagation         |               0  |              48  |                                             60  |
|  Sweep                        |               0  |             140  |                                           4923  |
|  BUFG optimization            |               2  |               1  |                                              4  |
|  Shift Register Optimization  |               0  |               0  |                                              0  |
|  Post Processing Netlist      |               0  |               0  |                                             67  |
-------------------------------------------------------------------------------------------------------------------------


Ending Logic Optimization Task | Checksum: 1e9b0e2db

Time (s): cpu = 00:00:02 ; elapsed = 00:00:13 . Memory (MB): peak = 3116.516 ; gain = 22.371

Starting Power Optimization Task
INFO: [Pwropt 34-132] Skipping clock gating for clocks with a period < 2.00 ns.
INFO: [Pwropt 34-9] Applying IDT optimizations ...
INFO: [Pwropt 34-10] Applying ODC optimizations ...
WARNING: [Constraints 18-633] Creating clock dtc_code with 9 sources. [C:/Users/admin/Desktop/cygao/20260720/fpga_pll_mash111_dtc_ssc/FPGA_SSC_PLL/FPGA_SSC_PLL.srcs/constrs_1/new/TOP.xdc:45]
INFO: [Timing 38-35] Done setting XDC timing constraints.
Running Vector-less Activity Propagation...

Finished Running Vector-less Activity Propagation


Starting PowerOpt Patch Enables Task
INFO: [Pwropt 34-162] WRITE_MODE attribute of 0 BRAM(s) out of a total of 4 has been updated to save power. Run report_power_opt to get a complete listing of the BRAMs updated.
INFO: [Pwropt 34-201] Structural ODC has moved 0 WE to EN ports
Number of BRAM Ports augmented: 4 newly gated: 0 Total Ports: 8
Ending PowerOpt Patch Enables Task | Checksum: 1f85014d8

Time (s): cpu = 00:00:00 ; elapsed = 00:00:00.035 . Memory (MB): peak = 3231.914 ; gain = 0.000
Ending Power Optimization Task | Checksum: 1f85014d8

Time (s): cpu = 00:00:03 ; elapsed = 00:00:03 . Memory (MB): peak = 3231.914 ; gain = 115.398

Starting Final Cleanup Task
Ending Final Cleanup Task | Checksum: 1f85014d8

Time (s): cpu = 00:00:00 ; elapsed = 00:00:00.001 . Memory (MB): peak = 3231.914 ; gain = 0.000

Starting Netlist Obfuscation Task
Netlist sorting complete. Time (s): cpu = 00:00:00 ; elapsed = 00:00:00.004 . Memory (MB): peak = 3231.914 ; gain = 0.000
Ending Netlist Obfuscation Task | Checksum: 1cf07e622

Time (s): cpu = 00:00:00 ; elapsed = 00:00:00.005 . Memory (MB): peak = 3231.914 ; gain = 0.000
INFO: [Common 17-83] Releasing license: Implementation
74 Infos, 4 Warnings, 50 Critical Warnings and 0 Errors encountered.
opt_design completed successfully
opt_design: Time (s): cpu = 00:00:09 ; elapsed = 00:00:21 . Memory (MB): peak = 3231.914 ; gain = 990.156
INFO: [Vivado 12-24828] Executing command : report_drc -file fpga_ssc_pll_top_drc_opted.rpt -pb fpga_ssc_pll_top_drc_opted.pb -rpx fpga_ssc_pll_top_drc_opted.rpx
Command: report_drc -file fpga_ssc_pll_top_drc_opted.rpt -pb fpga_ssc_pll_top_drc_opted.pb -rpx fpga_ssc_pll_top_drc_opted.rpx
INFO: [IP_Flow 19-1839] IP Catalog is up to date.
INFO: [DRC 23-27] Running DRC with 2 threads
INFO: [Vivado_Tcl 2-168] The results of DRC are in file C:/Users/admin/Desktop/cygao/20260720/fpga_pll_mash111_dtc_ssc/FPGA_SSC_PLL/FPGA_SSC_PLL.runs/impl_1/fpga_ssc_pll_top_drc_opted.rpt.
report_drc completed successfully
WARNING: [Constraints 18-633] Creating clock dtc_code with 9 sources. [C:/Users/admin/Desktop/cygao/20260720/fpga_pll_mash111_dtc_ssc/FPGA_SSC_PLL/FPGA_SSC_PLL.srcs/constrs_1/new/TOP.xdc:45]
INFO: [Timing 38-35] Done setting XDC timing constraints.
INFO: [Timing 38-480] Writing timing data to binary archive.
Wrote PlaceDB: Time (s): cpu = 00:00:00 ; elapsed = 00:00:00.001 . Memory (MB): peak = 3231.914 ; gain = 0.000
Wrote PulsedLatchDB: Time (s): cpu = 00:00:00 ; elapsed = 00:00:00 . Memory (MB): peak = 3231.914 ; gain = 0.000
Writing XDEF routing.
Write ShapeDB Complete: Time (s): cpu = 00:00:00 ; elapsed = 00:00:00.017 . Memory (MB): peak = 3231.914 ; gain = 0.000
Writing XDEF routing logical nets.
Writing XDEF routing special nets.
Wrote RouteStorage: Time (s): cpu = 00:00:00 ; elapsed = 00:00:00.028 . Memory (MB): peak = 3231.914 ; gain = 0.000
Wrote Netlist Cache: Time (s): cpu = 00:00:00 ; elapsed = 00:00:00 . Memory (MB): peak = 3231.914 ; gain = 0.000
Wrote Device Cache: Time (s): cpu = 00:00:00 ; elapsed = 00:00:00.010 . Memory (MB): peak = 3231.914 ; gain = 0.000
Write Physdb Complete: Time (s): cpu = 00:00:00 ; elapsed = 00:00:00.044 . Memory (MB): peak = 3231.914 ; gain = 0.000
INFO: [Common 17-1381] The checkpoint 'C:/Users/admin/Desktop/cygao/20260720/fpga_pll_mash111_dtc_ssc/FPGA_SSC_PLL/FPGA_SSC_PLL.runs/impl_1/fpga_ssc_pll_top_opt.dcp' has been generated.
INFO: [Chipscope 16-240] Debug cores have already been implemented
Command: place_design
Attempting to get a license for feature 'Implementation' and/or device 'xcvu9p'
INFO: [Common 17-349] Got license for feature 'Implementation' and/or device 'xcvu9p'
INFO: [Common 17-83] Releasing license: Implementation
INFO: [DRC 23-27] Running DRC with 2 threads
INFO: [Vivado_Tcl 4-198] DRC finished with 0 Errors
INFO: [Vivado_Tcl 4-199] Please refer to the DRC report (report_drc) for more information.
Running DRC as a precondition to command place_design
INFO: [DRC 23-27] Running DRC with 2 threads
INFO: [Vivado_Tcl 4-198] DRC finished with 0 Errors
INFO: [Vivado_Tcl 4-199] Please refer to the DRC report (report_drc) for more information.
INFO: [Place 30-611] Multithreading enabled for place_design using a maximum of 2 CPUs

Starting Placer Task

Phase 1 Placer Initialization

Phase 1.1 Placer Initialization Netlist Sorting
Netlist sorting complete. Time (s): cpu = 00:00:00 ; elapsed = 00:00:00.003 . Memory (MB): peak = 3231.914 ; gain = 0.000
Phase 1.1 Placer Initialization Netlist Sorting | Checksum: 18f8d86cd

Time (s): cpu = 00:00:00 ; elapsed = 00:00:00.005 . Memory (MB): peak = 3231.914 ; gain = 0.000
Netlist sorting complete. Time (s): cpu = 00:00:00 ; elapsed = 00:00:00.002 . Memory (MB): peak = 3231.914 ; gain = 0.000

Phase 1.2 IO Placement/ Clock Placement/ Build Placer Device
WARNING: [Place 30-568] A LUT 'dtc_code_d1_reg[8]_i_1' is driving clock pin of 9 registers. This could lead to large hold time violations. First few involved registers are:
	dtc_code_d1_reg[3] {FDCE}
	dtc_code_d1_reg[7] {FDCE}
	dtc_code_d1_reg[8] {FDCE}
	dtc_code_d1_reg[1] {FDCE}
	dtc_code_d1_reg[4] {FDCE}
WARNING: [Place 30-568] A LUT 'u_fracn_div/u_dual_div/u_div_45/u3_reg_sync/Qn' is driving clock pin of 6 registers. This could lead to large hold time violations. First few involved registers are:
	u_fracn_div/u_dual_div/u_p_counter/u_ld_dff/Q_reg {FDCE}
	u_fracn_div/u_dual_div/u_s_counter/u_mc_dff/Q_reg {FDCE}
	u_fracn_div/u_dual_div/u_p_counter/BLOCK1[0].u_dff/Q_reg/F1 {FDCE}
	u_fracn_div/u_dual_div/u_p_counter/BLOCK1[0].u_dff/Q_reg/F2 {FDPE}
	u_fracn_div/u_dual_div/u_s_counter/BLOCK1[0].u_dff/Q_reg/F2 {FDPE}
WARNING: [Place 30-568] A LUT 'u_fracn_div/u_dual_div/u_p_counter/BLOCK1[2].u_dff/Q_reg/L3' is driving clock pin of 2 registers. This could lead to large hold time violations. First few involved registers are:
	u_fracn_div/u_dual_div/u_p_counter/BLOCK1[3].u_dff/Q_reg/F2 {FDPE}
	u_fracn_div/u_dual_div/u_p_counter/BLOCK1[3].u_dff/Q_reg/F1 {FDCE}
WARNING: [Place 30-568] A LUT 'u_fracn_div/u_dual_div/u_p_counter/BLOCK1[0].u_dff/Q_reg/L3' is driving clock pin of 2 registers. This could lead to large hold time violations. First few involved registers are:
	u_fracn_div/u_dual_div/u_p_counter/BLOCK1[1].u_dff/Q_reg/F2 {FDPE}
	u_fracn_div/u_dual_div/u_p_counter/BLOCK1[1].u_dff/Q_reg/F1 {FDCE}
WARNING: [Place 30-568] A LUT 'u_fracn_div/u_dual_div/u_p_counter/BLOCK1[1].u_dff/Q_reg/L3' is driving clock pin of 2 registers. This could lead to large hold time violations. First few involved registers are:
	u_fracn_div/u_dual_div/u_p_counter/BLOCK1[2].u_dff/Q_reg/F1 {FDCE}
	u_fracn_div/u_dual_div/u_p_counter/BLOCK1[2].u_dff/Q_reg/F2 {FDPE}
WARNING: [Place 30-568] A LUT 'u_fracn_div/u_dual_div/u_p_counter/BLOCK1[4].u_dff/Q_reg/L3' is driving clock pin of 2 registers. This could lead to large hold time violations. First few involved registers are:
	u_fracn_div/u_dual_div/u_p_counter/BLOCK1[5].u_dff/Q_reg/F2 {FDPE}
	u_fracn_div/u_dual_div/u_p_counter/BLOCK1[5].u_dff/Q_reg/F1 {FDCE}
WARNING: [Place 30-568] A LUT 'u_fracn_div/u_dual_div/u_s_counter/BLOCK1[0].u_dff/Q_reg/L3' is driving clock pin of 2 registers. This could lead to large hold time violations. First few involved registers are:
	u_fracn_div/u_dual_div/u_s_counter/BLOCK1[1].u_dff/Q_reg/F1 {FDCE}
	u_fracn_div/u_dual_div/u_s_counter/BLOCK1[1].u_dff/Q_reg/F2 {FDPE}
WARNING: [Place 30-568] A LUT 'u_fracn_div/u_dual_div/u_p_counter/BLOCK1[3].u_dff/Q_reg/L3' is driving clock pin of 2 registers. This could lead to large hold time violations. First few involved registers are:
	u_fracn_div/u_dual_div/u_p_counter/BLOCK1[4].u_dff/Q_reg/F2 {FDPE}
	u_fracn_div/u_dual_div/u_p_counter/BLOCK1[4].u_dff/Q_reg/F1 {FDCE}
Phase 1.2 IO Placement/ Clock Placement/ Build Placer Device | Checksum: 1e79c7389

Time (s): cpu = 00:00:07 ; elapsed = 00:00:12 . Memory (MB): peak = 4291.043 ; gain = 1059.129

Phase 1.3 Build Placer Netlist Model
Phase 1.3 Build Placer Netlist Model | Checksum: 27d041baa

Time (s): cpu = 00:00:10 ; elapsed = 00:00:16 . Memory (MB): peak = 4332.461 ; gain = 1100.547

Phase 1.4 Constrain Clocks/Macros
Phase 1.4 Constrain Clocks/Macros | Checksum: 27d041baa

Time (s): cpu = 00:00:10 ; elapsed = 00:00:16 . Memory (MB): peak = 4332.461 ; gain = 1100.547
Phase 1 Placer Initialization | Checksum: 27d041baa

Time (s): cpu = 00:00:10 ; elapsed = 00:00:16 . Memory (MB): peak = 4332.461 ; gain = 1100.547

Phase 2 Global Placement

Phase 2.1 Floorplanning

Phase 2.1.1 Partition Driven Placement

Phase 2.1.1.1 PBP: Partition Driven Placement
Phase 2.1.1.1 PBP: Partition Driven Placement | Checksum: 2417d4a77

Time (s): cpu = 00:00:12 ; elapsed = 00:00:17 . Memory (MB): peak = 4332.461 ; gain = 1100.547

Phase 2.1.1.2 PBP: Clock Region Placement
Phase 2.1.1.2 PBP: Clock Region Placement | Checksum: 283656921

Time (s): cpu = 00:00:14 ; elapsed = 00:00:21 . Memory (MB): peak = 4375.398 ; gain = 1143.484

Phase 2.1.1.3 PBP: Compute Congestion
Phase 2.1.1.3 PBP: Compute Congestion | Checksum: 283656921

Time (s): cpu = 00:00:25 ; elapsed = 00:00:28 . Memory (MB): peak = 4589.004 ; gain = 1357.090

Phase 2.1.1.4 PBP: UpdateTiming
Phase 2.1.1.4 PBP: UpdateTiming | Checksum: 219a50a6a

Time (s): cpu = 00:00:25 ; elapsed = 00:00:28 . Memory (MB): peak = 4590.082 ; gain = 1358.168

Phase 2.1.1.5 PBP: Add part constraints
Phase 2.1.1.5 PBP: Add part constraints | Checksum: 219a50a6a

Time (s): cpu = 00:00:25 ; elapsed = 00:00:28 . Memory (MB): peak = 4590.082 ; gain = 1358.168
Phase 2.1.1 Partition Driven Placement | Checksum: 219a50a6a

Time (s): cpu = 00:00:25 ; elapsed = 00:00:28 . Memory (MB): peak = 4590.082 ; gain = 1358.168
Phase 2.1 Floorplanning | Checksum: 2687f0c9d

Time (s): cpu = 00:00:25 ; elapsed = 00:00:28 . Memory (MB): peak = 4590.082 ; gain = 1358.168

Phase 2.2 Physical Synthesis After Floorplan
INFO: [Physopt 32-775] End 1 Pass. Optimized 0 net or cell. Created 0 new cell, deleted 0 existing cell and moved 0 existing cell
Netlist sorting complete. Time (s): cpu = 00:00:00 ; elapsed = 00:00:00.002 . Memory (MB): peak = 4609.238 ; gain = 0.000

Summary of Physical Synthesis Optimizations
============================================


-----------------------------------------------------------------------------------------------------------------------------------------------
|  Optimization                         |  Added Cells  |  Removed Cells  |  Optimized Cells/Nets  |  Dont Touch  |  Iterations  |  Elapsed   |
-----------------------------------------------------------------------------------------------------------------------------------------------
|  PSIP Post Floorplan SLR Replication  |            0  |              0  |                     0  |           0  |           1  |  00:00:00  |
|  Total                                |            0  |              0  |                     0  |           0  |           1  |  00:00:00  |
-----------------------------------------------------------------------------------------------------------------------------------------------


Phase 2.2 Physical Synthesis After Floorplan | Checksum: 2687f0c9d

Time (s): cpu = 00:00:26 ; elapsed = 00:00:28 . Memory (MB): peak = 4609.238 ; gain = 1377.324

Phase 2.3 Update Timing before SLR Path Opt
Phase 2.3 Update Timing before SLR Path Opt | Checksum: 2687f0c9d

Time (s): cpu = 00:00:26 ; elapsed = 00:00:28 . Memory (MB): peak = 4609.238 ; gain = 1377.324

Phase 2.4 Post-Processing in Floorplanning
Phase 2.4 Post-Processing in Floorplanning | Checksum: 27c2fe80c

Time (s): cpu = 00:00:26 ; elapsed = 00:00:28 . Memory (MB): peak = 4609.238 ; gain = 1377.324

Phase 2.5 Global Place Phase1
Phase 2.5 Global Place Phase1 | Checksum: 1ec71b3d1

Time (s): cpu = 00:01:30 ; elapsed = 00:01:10 . Memory (MB): peak = 5174.828 ; gain = 1942.914

Phase 2.6 Global Place Phase2

Phase 2.6.1 UpdateTiming Before Physical Synthesis
Phase 2.6.1 UpdateTiming Before Physical Synthesis | Checksum: 21091aa68

Time (s): cpu = 00:01:31 ; elapsed = 00:01:11 . Memory (MB): peak = 5174.828 ; gain = 1942.914

Phase 2.6.2 Physical Synthesis In Placer
INFO: [Physopt 32-1035] Found 3 LUTNM shape to break, 285 LUT instances to create LUTNM shape
INFO: [Physopt 32-1044] Break lutnm for timing: one critical 2, two critical 1, total 3, new lutff created 0
INFO: [Physopt 32-1138] End 1 Pass. Optimized 144 nets or LUTs. Breaked 3 LUTs, combined 141 existing LUTs and moved 0 existing LUT
INFO: [Physopt 32-1030] Pass 1. Identified 4 candidate driver sets for equivalent driver rewiring.
INFO: [Physopt 32-661] Optimized 0 net.  Re-placed 0 instance.
INFO: [Physopt 32-775] End 1 Pass. Optimized 0 net or cell. Created 0 new cell, deleted 0 existing cell and moved 0 existing cell
INFO: [Physopt 32-65] No nets found for high-fanout optimization.
INFO: [Physopt 32-232] Optimized 0 net. Created 0 new instance.
INFO: [Physopt 32-775] End 1 Pass. Optimized 0 net or cell. Created 0 new cell, deleted 0 existing cell and moved 0 existing cell
INFO: [Physopt 32-456] No candidate cells for DSP register optimization found in the design.
INFO: [Physopt 32-775] End 2 Pass. Optimized 0 net or cell. Created 0 new cell, deleted 0 existing cell and moved 0 existing cell
INFO: [Physopt 32-1123] No candidate cells found for Shift Register to Pipeline optimization
INFO: [Physopt 32-775] End 2 Pass. Optimized 0 net or cell. Created 0 new cell, deleted 0 existing cell and moved 0 existing cell
INFO: [Physopt 32-1402] Pass 1: Identified 3 candidate cells for Shift Register optimization.
INFO: [Physopt 32-775] End 1 Pass. Optimized 2 nets or cells. Created 3 new cells, deleted 0 existing cell and moved 0 existing cell
Netlist sorting complete. Time (s): cpu = 00:00:00 ; elapsed = 00:00:00.004 . Memory (MB): peak = 5174.828 ; gain = 0.000
INFO: [Physopt 32-526] No candidate cells for BRAM register optimization found in the design
INFO: [Physopt 32-775] End 1 Pass. Optimized 0 net or cell. Created 0 new cell, deleted 0 existing cell and moved 0 existing cell
INFO: [Physopt 32-846] No candidate cells for URAM register optimization found in the design
INFO: [Physopt 32-775] End 1 Pass. Optimized 0 net or cell. Created 0 new cell, deleted 0 existing cell and moved 0 existing cell
INFO: [Physopt 32-846] No candidate cells for URAM register optimization found in the design
INFO: [Physopt 32-775] End 1 Pass. Optimized 0 net or cell. Created 0 new cell, deleted 0 existing cell and moved 0 existing cell
INFO: [Physopt 32-949] No candidate nets found for dynamic/static region interface net replication
INFO: [Physopt 32-775] End 1 Pass. Optimized 0 net or cell. Created 0 new cell, deleted 0 existing cell and moved 0 existing cell
Netlist sorting complete. Time (s): cpu = 00:00:00 ; elapsed = 00:00:00.003 . Memory (MB): peak = 5174.828 ; gain = 0.000

Summary of Physical Synthesis Optimizations
============================================


-----------------------------------------------------------------------------------------------------------------------------------------------------------
|  Optimization                                     |  Added Cells  |  Removed Cells  |  Optimized Cells/Nets  |  Dont Touch  |  Iterations  |  Elapsed   |
-----------------------------------------------------------------------------------------------------------------------------------------------------------
|  LUT Combining                                    |            3  |            141  |                   144  |           0  |           1  |  00:00:00  |
|  Retime                                           |            0  |              0  |                     0  |           0  |           1  |  00:00:00  |
|  Equivalent Driver Rewiring                       |            0  |              0  |                     0  |           0  |           1  |  00:00:00  |
|  Very High Fanout                                 |            0  |              0  |                     0  |           0  |           1  |  00:00:00  |
|  DSP Register                                     |            0  |              0  |                     0  |           0  |           1  |  00:00:00  |
|  Shift Register to Pipeline                       |            0  |              0  |                     0  |           0  |           1  |  00:00:00  |
|  Shift Register                                   |            3  |              0  |                     2  |           0  |           1  |  00:00:00  |
|  BRAM Register                                    |            0  |              0  |                     0  |           0  |           1  |  00:00:00  |
|  URAM Register                                    |            0  |              0  |                     0  |           0  |           1  |  00:00:00  |
|  Dynamic/Static Region Interface Net Replication  |            0  |              0  |                     0  |           0  |           1  |  00:00:00  |
|  Total                                            |            6  |            141  |                   146  |           0  |          10  |  00:00:00  |
-----------------------------------------------------------------------------------------------------------------------------------------------------------


Phase 2.6.2 Physical Synthesis In Placer | Checksum: 1f3bdf637

Time (s): cpu = 00:01:31 ; elapsed = 00:01:12 . Memory (MB): peak = 5174.828 ; gain = 1942.914
Phase 2.6 Global Place Phase2 | Checksum: 1b0a094dd

Time (s): cpu = 00:01:49 ; elapsed = 00:01:27 . Memory (MB): peak = 5174.828 ; gain = 1942.914
Phase 2 Global Placement | Checksum: 1b0a094dd

Time (s): cpu = 00:01:49 ; elapsed = 00:01:27 . Memory (MB): peak = 5174.828 ; gain = 1942.914

Phase 3 Detail Placement

Phase 3.1 Commit Multi Column Macros
Phase 3.1 Commit Multi Column Macros | Checksum: 1ef33a002

Time (s): cpu = 00:01:58 ; elapsed = 00:01:34 . Memory (MB): peak = 5174.828 ; gain = 1942.914

Phase 3.2 Commit Most Macros & LUTRAMs
Phase 3.2 Commit Most Macros & LUTRAMs | Checksum: 20ba52264

Time (s): cpu = 00:01:58 ; elapsed = 00:01:35 . Memory (MB): peak = 5174.828 ; gain = 1942.914

Phase 3.3 Small Shape DP

Phase 3.3.1 Small Shape Clustering
Phase 3.3.1 Small Shape Clustering | Checksum: 187777fb3

Time (s): cpu = 00:02:17 ; elapsed = 00:01:52 . Memory (MB): peak = 5174.828 ; gain = 1942.914

Phase 3.3.2 Slice Area Swap

Phase 3.3.2.1 Slice Area Swap Initial
Phase 3.3.2.1 Slice Area Swap Initial | Checksum: 1fd41c640

Time (s): cpu = 00:02:26 ; elapsed = 00:01:59 . Memory (MB): peak = 5174.828 ; gain = 1942.914
Phase 3.3.2 Slice Area Swap | Checksum: 15983ce34

Time (s): cpu = 00:02:26 ; elapsed = 00:02:00 . Memory (MB): peak = 5174.828 ; gain = 1942.914
Phase 3.3 Small Shape DP | Checksum: 178e83e99

Time (s): cpu = 00:02:44 ; elapsed = 00:02:14 . Memory (MB): peak = 5188.125 ; gain = 1956.211

Phase 3.4 Re-assign LUT pins
Phase 3.4 Re-assign LUT pins | Checksum: 1dae74a1e

Time (s): cpu = 00:02:44 ; elapsed = 00:02:15 . Memory (MB): peak = 5188.125 ; gain = 1956.211

Phase 3.5 Pipeline Register Optimization
Phase 3.5 Pipeline Register Optimization | Checksum: 16ea45483

Time (s): cpu = 00:02:44 ; elapsed = 00:02:15 . Memory (MB): peak = 5188.125 ; gain = 1956.211

Phase 3.6 Fast Optimization
Phase 3.6 Fast Optimization | Checksum: 18544d53d

Time (s): cpu = 00:02:47 ; elapsed = 00:02:19 . Memory (MB): peak = 5188.125 ; gain = 1956.211
Phase 3 Detail Placement | Checksum: 18544d53d

Time (s): cpu = 00:02:47 ; elapsed = 00:02:19 . Memory (MB): peak = 5188.125 ; gain = 1956.211

Phase 4 Post Placement Optimization and Clean-Up

Phase 4.1 Post Commit Optimization
WARNING: [Constraints 18-633] Creating clock dtc_code with 9 sources. [C:/Users/admin/Desktop/cygao/20260720/fpga_pll_mash111_dtc_ssc/FPGA_SSC_PLL/FPGA_SSC_PLL.srcs/constrs_1/new/TOP.xdc:45]
INFO: [Timing 38-35] Done setting XDC timing constraints.

Phase 4.1.1 Post Placement Optimization
Post Placement Optimization Initialization | Checksum: 1e6be5ce7

Phase 4.1.1.1 BUFG Insertion

Starting Physical Synthesis Task

Phase 1 Physical Synthesis Initialization
INFO: [Physopt 32-721] Multithreading enabled for phys_opt_design using a maximum of 2 CPUs
INFO: [Physopt 32-619] Estimated Timing Summary | WNS=-2.280 | TNS=-41.726 |
Phase 1 Physical Synthesis Initialization | Checksum: 174b59fcd

Time (s): cpu = 00:00:00 ; elapsed = 00:00:00.182 . Memory (MB): peak = 5188.125 ; gain = 0.000
INFO: [Place 46-56] BUFG insertion identified 0 candidate nets. Inserted BUFG: 0, Replicated BUFG Driver: 0, Skipped due to Placement/Routing Conflicts: 0, Skipped due to Timing Degradation: 0, Skipped due to netlist editing failed: 0.
Ending Physical Synthesis Task | Checksum: 1ea14e661

Time (s): cpu = 00:00:00 ; elapsed = 00:00:00.241 . Memory (MB): peak = 5188.125 ; gain = 0.000
Phase 4.1.1.1 BUFG Insertion | Checksum: 1e6be5ce7

Time (s): cpu = 00:03:02 ; elapsed = 00:02:29 . Memory (MB): peak = 5188.125 ; gain = 1956.211

Phase 4.1.1.2 BUFG Replication
INFO: [Place 46-63] BUFG replication identified 0 candidate nets: Replicated nets: 0, Replicated BUFGs: 0, Replicated BUFG Driver: 0, moved BUFGs: 0, Skipped due to Placement / Routing Conflict: 0, Skipped due to Timing: 0, Skipped due to constraints: 0
Phase 4.1.1.2 BUFG Replication | Checksum: 1e6be5ce7

Time (s): cpu = 00:03:02 ; elapsed = 00:02:29 . Memory (MB): peak = 5188.125 ; gain = 1956.211

Phase 4.1.1.3 Post Placement Timing Optimization
INFO: [Place 30-746] Post Placement Timing Summary WNS=-2.197. For the most accurate timing information please run report_timing.
Phase 4.1.1.3 Post Placement Timing Optimization | Checksum: 1fae2c82f

Time (s): cpu = 00:03:10 ; elapsed = 00:02:38 . Memory (MB): peak = 5188.125 ; gain = 1956.211

Phase 4.1.1.4 Replication
INFO: [Place 46-19] Post Replication Timing Summary WNS=-2.197. For the most accurate timing information please run report_timing.
Phase 4.1.1.4 Replication | Checksum: 1fae2c82f

Time (s): cpu = 00:03:10 ; elapsed = 00:02:38 . Memory (MB): peak = 5188.125 ; gain = 1956.211

Time (s): cpu = 00:03:10 ; elapsed = 00:02:38 . Memory (MB): peak = 5188.125 ; gain = 1956.211
Phase 4.1 Post Commit Optimization | Checksum: 1fae2c82f

Time (s): cpu = 00:03:10 ; elapsed = 00:02:38 . Memory (MB): peak = 5188.125 ; gain = 1956.211
Netlist sorting complete. Time (s): cpu = 00:00:00 ; elapsed = 00:00:00.003 . Memory (MB): peak = 5188.125 ; gain = 0.000

Phase 4.2 Post Placement Cleanup
Phase 4.2 Post Placement Cleanup | Checksum: 27e9d870d

Time (s): cpu = 00:03:33 ; elapsed = 00:02:58 . Memory (MB): peak = 5188.125 ; gain = 1956.211

Phase 4.3 Placer Reporting

Phase 4.3.1 Print Estimated Congestion
INFO: [Place 30-612] Post-Placement Estimated Congestion 
 ________________________________________________________________________
|           | Global Congestion | Long Congestion   | Short Congestion  |
| Direction | Region Size       | Region Size       | Region Size       |
|___________|___________________|___________________|___________________|
|      North|                1x1|                1x1|                1x1|
|___________|___________________|___________________|___________________|
|      South|                1x1|                1x1|                1x1|
|___________|___________________|___________________|___________________|
|       East|                1x1|                1x1|                1x1|
|___________|___________________|___________________|___________________|
|       West|                1x1|                1x1|                1x1|
|___________|___________________|___________________|___________________|

SLR0:
 ________________________________________________________________________
|           | Global Congestion | Long Congestion   | Short Congestion  |
| Direction | Region Size       | Region Size       | Region Size       |
|___________|___________________|___________________|___________________|
|      North|                1x1|                1x1|                1x1|
|___________|___________________|___________________|___________________|
|      South|                1x1|                1x1|                1x1|
|___________|___________________|___________________|___________________|
|       East|                1x1|                1x1|                1x1|
|___________|___________________|___________________|___________________|
|       West|                1x1|                1x1|                1x1|
|___________|___________________|___________________|___________________|

SLR1:
 ________________________________________________________________________
|           | Global Congestion | Long Congestion   | Short Congestion  |
| Direction | Region Size       | Region Size       | Region Size       |
|___________|___________________|___________________|___________________|
|      North|                1x1|                1x1|                1x1|
|___________|___________________|___________________|___________________|
|      South|                1x1|                1x1|                1x1|
|___________|___________________|___________________|___________________|
|       East|                1x1|                1x1|                1x1|
|___________|___________________|___________________|___________________|
|       West|                1x1|                1x1|                1x1|
|___________|___________________|___________________|___________________|

SLR2:
 ________________________________________________________________________
|           | Global Congestion | Long Congestion   | Short Congestion  |
| Direction | Region Size       | Region Size       | Region Size       |
|___________|___________________|___________________|___________________|
|      North|                1x1|                1x1|                1x1|
|___________|___________________|___________________|___________________|
|      South|                1x1|                1x1|                1x1|
|___________|___________________|___________________|___________________|
|       East|                1x1|                1x1|                1x1|
|___________|___________________|___________________|___________________|
|       West|                1x1|                1x1|                1x1|
|___________|___________________|___________________|___________________|

Phase 4.3.1 Print Estimated Congestion | Checksum: 27e9d870d

Time (s): cpu = 00:03:33 ; elapsed = 00:02:58 . Memory (MB): peak = 5188.125 ; gain = 1956.211
Phase 4.3 Placer Reporting | Checksum: 27e9d870d

Time (s): cpu = 00:03:34 ; elapsed = 00:02:58 . Memory (MB): peak = 5188.125 ; gain = 1956.211

Phase 4.4 Final Placement Cleanup
Netlist sorting complete. Time (s): cpu = 00:00:00 ; elapsed = 00:00:00.004 . Memory (MB): peak = 5188.125 ; gain = 0.000

Time (s): cpu = 00:03:34 ; elapsed = 00:02:58 . Memory (MB): peak = 5188.125 ; gain = 1956.211
Phase 4 Post Placement Optimization and Clean-Up | Checksum: 2fdacb612

Time (s): cpu = 00:03:34 ; elapsed = 00:02:58 . Memory (MB): peak = 5188.125 ; gain = 1956.211
Ending Placer Task | Checksum: 2094acc6f

Time (s): cpu = 00:03:34 ; elapsed = 00:02:58 . Memory (MB): peak = 5188.125 ; gain = 1956.211
123 Infos, 14 Warnings, 50 Critical Warnings and 0 Errors encountered.
place_design completed successfully
place_design: Time (s): cpu = 00:03:37 ; elapsed = 00:03:01 . Memory (MB): peak = 5188.125 ; gain = 1956.211
INFO: [Vivado 12-24838] Running report commands "report_control_sets, report_io, report_utilization" in parallel.
Running report generation with 2 threads.
INFO: [Vivado 12-24828] Executing command : report_io -file fpga_ssc_pll_top_io_placed.rpt
report_io: Time (s): cpu = 00:00:00 ; elapsed = 00:00:00.187 . Memory (MB): peak = 5188.125 ; gain = 0.000
INFO: [Vivado 12-24828] Executing command : report_control_sets -verbose -file fpga_ssc_pll_top_control_sets_placed.rpt
report_control_sets: Time (s): cpu = 00:00:00 ; elapsed = 00:00:00.024 . Memory (MB): peak = 5188.125 ; gain = 0.000
INFO: [Vivado 12-24828] Executing command : report_utilization -file fpga_ssc_pll_top_utilization_placed.rpt -pb fpga_ssc_pll_top_utilization_placed.pb
INFO: [Timing 38-480] Writing timing data to binary archive.
Write ShapeDB Complete: Time (s): cpu = 00:00:00 ; elapsed = 00:00:00.023 . Memory (MB): peak = 5188.125 ; gain = 0.000
Wrote PlaceDB: Time (s): cpu = 00:00:01 ; elapsed = 00:00:00.694 . Memory (MB): peak = 5188.125 ; gain = 0.000
Wrote PulsedLatchDB: Time (s): cpu = 00:00:00 ; elapsed = 00:00:00 . Memory (MB): peak = 5188.125 ; gain = 0.000
Writing XDEF routing.
Writing XDEF routing logical nets.
Writing XDEF routing special nets.
Wrote RouteStorage: Time (s): cpu = 00:00:00 ; elapsed = 00:00:00.033 . Memory (MB): peak = 5188.125 ; gain = 0.000
Wrote Netlist Cache: Time (s): cpu = 00:00:00 ; elapsed = 00:00:00.009 . Memory (MB): peak = 5188.125 ; gain = 0.000
Wrote Device Cache: Time (s): cpu = 00:00:00 ; elapsed = 00:00:00.009 . Memory (MB): peak = 5188.125 ; gain = 0.000
Write Physdb Complete: Time (s): cpu = 00:00:01 ; elapsed = 00:00:00.755 . Memory (MB): peak = 5188.125 ; gain = 0.000
INFO: [Common 17-1381] The checkpoint 'C:/Users/admin/Desktop/cygao/20260720/fpga_pll_mash111_dtc_ssc/FPGA_SSC_PLL/FPGA_SSC_PLL.runs/impl_1/fpga_ssc_pll_top_placed.dcp' has been generated.
Command: phys_opt_design
Attempting to get a license for feature 'Implementation' and/or device 'xcvu9p'
INFO: [Common 17-349] Got license for feature 'Implementation' and/or device 'xcvu9p'

Starting Initial Update Timing Task

Time (s): cpu = 00:00:01 ; elapsed = 00:00:01 . Memory (MB): peak = 5188.125 ; gain = 0.000
INFO: [Vivado_Tcl 4-1435] PhysOpt_Tcl_Interface Runtime Before Starting Physical Synthesis Task | CPU: 1.00s |  WALL: 1.23s
Netlist sorting complete. Time (s): cpu = 00:00:00 ; elapsed = 00:00:00.002 . Memory (MB): peak = 5188.125 ; gain = 0.000

Starting Physical Synthesis Task

Phase 1 Physical Synthesis Initialization
INFO: [Physopt 32-721] Multithreading enabled for phys_opt_design using a maximum of 2 CPUs
INFO: [Physopt 32-619] Estimated Timing Summary | WNS=-2.345 | TNS=-30.909 |
Phase 1 Physical Synthesis Initialization | Checksum: 160810482

Time (s): cpu = 00:00:03 ; elapsed = 00:00:05 . Memory (MB): peak = 5188.125 ; gain = 0.000
INFO: [Physopt 32-619] Estimated Timing Summary | WNS=-2.345 | TNS=-30.909 |

Phase 2 DSP Register Optimization
INFO: [Physopt 32-456] No candidate cells for DSP register optimization found in the design.
INFO: [Physopt 32-775] End 2 Pass. Optimized 0 net or cell. Created 0 new cell, deleted 0 existing cell and moved 0 existing cell
Phase 2 DSP Register Optimization | Checksum: 160810482

Time (s): cpu = 00:00:03 ; elapsed = 00:00:05 . Memory (MB): peak = 5188.125 ; gain = 0.000

Phase 3 Critical Path Optimization
INFO: [Physopt 32-619] Estimated Timing Summary | WNS=-2.345 | TNS=-30.909 |
INFO: [Physopt 32-702] Processed net u_lut_dtc_top/din_delayed_d1. Optimizations did not improve timing on the net.
INFO: [Physopt 32-1483] Netlist edit fails for net dtc_code_d1[0]_repN and pin u_lut_dtc_top/cascade[16].u_lut_dtc/dout_INST_0_i_113/I4. Please check constraints such as DONT_TOUCH on the instance, net and hierarchal instance between driver and loads.
INFO: [Physopt 32-1483] Netlist edit fails for net dtc_code_d1[0]_repN and pin u_lut_dtc_top/cascade[16].u_lut_dtc/dout_INST_0_i_109/I4. Please check constraints such as DONT_TOUCH on the instance, net and hierarchal instance between driver and loads.
INFO: [Physopt 32-1483] Netlist edit fails for net dtc_code_d1[0]_repN and pin u_lut_dtc_top/cascade[16].u_lut_dtc/dout_INST_0_i_141/I4. Please check constraints such as DONT_TOUCH on the instance, net and hierarchal instance between driver and loads.
INFO: [Physopt 32-782] Net dtc_code_d1[0] was not replicated
INFO: [Physopt 32-780] Instance u_lut_dtc_top/cascade[10].u_lut_dtc has DONT_TOUCH and is preventing optimization
Resolution: Removing DONT_TOUCH attributes may enable additional optimization
INFO: [Physopt 32-663] Processed net dtc_code_d1[0].  Re-placed instance dtc_code_d1_reg[0]
INFO: [Physopt 32-735] Processed net dtc_code_d1[0]. Optimization improves timing on the net.
INFO: [Physopt 32-619] Estimated Timing Summary | WNS=-2.343 | TNS=-30.907 |
INFO: [Physopt 32-1483] Netlist edit fails for net dtc_code_d1[1]_repN and pin u_lut_dtc_top/cascade[16].u_lut_dtc/dout_INST_0_i_109/I2. Please check constraints such as DONT_TOUCH on the instance, net and hierarchal instance between driver and loads.
INFO: [Physopt 32-1483] Netlist edit fails for net dtc_code_d1[1]_repN and pin u_lut_dtc_top/cascade[16].u_lut_dtc/dout_INST_0_i_113/I2. Please check constraints such as DONT_TOUCH on the instance, net and hierarchal instance between driver and loads.
INFO: [Physopt 32-1483] Netlist edit fails for net dtc_code_d1[1]_repN and pin u_lut_dtc_top/cascade[16].u_lut_dtc/dout_INST_0_i_141/I2. Please check constraints such as DONT_TOUCH on the instance, net and hierarchal instance between driver and loads.
INFO: [Physopt 32-782] Net dtc_code_d1[1] was not replicated
INFO: [Physopt 32-780] Instance u_lut_dtc_top/cascade[10].u_lut_dtc has DONT_TOUCH and is preventing optimization
Resolution: Removing DONT_TOUCH attributes may enable additional optimization
INFO: [Physopt 32-702] Processed net dtc_code_d1[1]. Optimizations did not improve timing on the net.
INFO: [Physopt 32-702] Processed net u_lut_dtc_top/cascade[16].u_lut_dtc/dout_INST_0_i_3_n_0. Optimizations did not improve timing on the net.
INFO: [Physopt 32-702] Processed net u_lut_dtc_top/cascade[16].u_lut_dtc/group_sel[3]. Optimizations did not improve timing on the net.
INFO: [Physopt 32-702] Processed net u_lut_dtc_top/cascade[16].u_lut_dtc/dout_INST_0_i_36_n_0. Optimizations did not improve timing on the net.
INFO: [Physopt 32-702] Processed net u_lut_dtc_top/cascade[16].u_lut_dtc/carry_mux[3].group_bits[0]. Optimizations did not improve timing on the net.
INFO: [Physopt 32-608] Optimized 1 net.  Swapped 24 pins.
INFO: [Physopt 32-735] Processed net u_lut_dtc_top/cascade[16].u_lut_dtc/dout_INST_0_i_202_n_0. Optimization improves timing on the net.
INFO: [Physopt 32-619] Estimated Timing Summary | WNS=-2.340 | TNS=-30.904 |
INFO: [Physopt 32-702] Processed net u_lut_dtc_top/cascade[16].u_lut_dtc/dout_INST_0_i_4_n_0. Optimizations did not improve timing on the net.
INFO: [Physopt 32-702] Processed net u_lut_dtc_top/cascade[16].u_lut_dtc/group_sel[1]. Optimizations did not improve timing on the net.
INFO: [Physopt 32-702] Processed net u_lut_dtc_top/cascade[16].u_lut_dtc/dout_INST_0_i_43_n_0. Optimizations did not improve timing on the net.
INFO: [Physopt 32-702] Processed net u_lut_dtc_top/cascade[16].u_lut_dtc/carry_mux[1].group_bits[3]. Optimizations did not improve timing on the net.
INFO: [Physopt 32-608] Optimized 1 net.  Swapped 49 pins.
INFO: [Physopt 32-735] Processed net u_lut_dtc_top/cascade[16].u_lut_dtc/dout_INST_0_i_231_n_0. Optimization improves timing on the net.
INFO: [Physopt 32-619] Estimated Timing Summary | WNS=-2.340 | TNS=-30.904 |
INFO: [Physopt 32-608] Optimized 1 net.  Swapped 24 pins.
INFO: [Physopt 32-735] Processed net u_lut_dtc_top/cascade[16].u_lut_dtc/dout_INST_0_i_201_n_0. Optimization improves timing on the net.
INFO: [Physopt 32-619] Estimated Timing Summary | WNS=-2.339 | TNS=-30.903 |
INFO: [Physopt 32-702] Processed net u_lut_dtc_top/cascade[16].u_lut_dtc/carry_mux[1].group_bits[2]. Optimizations did not improve timing on the net.
INFO: [Physopt 32-608] Optimized 1 net.  Swapped 49 pins.
INFO: [Physopt 32-735] Processed net u_lut_dtc_top/cascade[16].u_lut_dtc/dout_INST_0_i_229_n_0. Optimization improves timing on the net.
INFO: [Physopt 32-619] Estimated Timing Summary | WNS=-2.339 | TNS=-30.903 |
INFO: [Physopt 32-702] Processed net u_lut_dtc_top/cascade[16].u_lut_dtc/carry_mux[3].group_bits[1]. Optimizations did not improve timing on the net.
INFO: [Physopt 32-608] Optimized 1 net.  Swapped 24 pins.
INFO: [Physopt 32-735] Processed net u_lut_dtc_top/cascade[16].u_lut_dtc/dout_INST_0_i_203_n_0. Optimization improves timing on the net.
INFO: [Physopt 32-619] Estimated Timing Summary | WNS=-2.338 | TNS=-30.902 |
INFO: [Physopt 32-702] Processed net u_lut_dtc_top/cascade[16].u_lut_dtc/group_sel[2]. Optimizations did not improve timing on the net.
INFO: [Physopt 32-702] Processed net u_lut_dtc_top/cascade[16].u_lut_dtc/dout_INST_0_i_32_n_0. Optimizations did not improve timing on the net.
INFO: [Physopt 32-702] Processed net u_lut_dtc_top/cascade[16].u_lut_dtc/carry_mux[2].group_bits[0]. Optimizations did not improve timing on the net.
INFO: [Physopt 32-608] Optimized 1 net.  Swapped 48 pins.
INFO: [Physopt 32-735] Processed net u_lut_dtc_top/cascade[16].u_lut_dtc/dout_INST_0_i_186_n_0. Optimization improves timing on the net.
INFO: [Physopt 32-619] Estimated Timing Summary | WNS=-2.338 | TNS=-30.902 |
INFO: [Physopt 32-608] Optimized 1 net.  Swapped 48 pins.
INFO: [Physopt 32-735] Processed net u_lut_dtc_top/cascade[16].u_lut_dtc/dout_INST_0_i_185_n_0. Optimization improves timing on the net.
INFO: [Physopt 32-619] Estimated Timing Summary | WNS=-2.331 | TNS=-30.895 |
INFO: [Physopt 32-608] Optimized 1 net.  Swapped 49 pins.
INFO: [Physopt 32-735] Processed net u_lut_dtc_top/cascade[16].u_lut_dtc/dout_INST_0_i_232_n_0. Optimization improves timing on the net.
INFO: [Physopt 32-619] Estimated Timing Summary | WNS=-2.327 | TNS=-30.891 |
INFO: [Physopt 32-1483] Netlist edit fails for net dtc_code_d1[0]_repN and pin u_lut_dtc_top/cascade[16].u_lut_dtc/dout_INST_0_i_113/I4. Please check constraints such as DONT_TOUCH on the instance, net and hierarchal instance between driver and loads.
INFO: [Physopt 32-1483] Netlist edit fails for net dtc_code_d1[0]_repN and pin u_lut_dtc_top/cascade[16].u_lut_dtc/dout_INST_0_i_142/I4. Please check constraints such as DONT_TOUCH on the instance, net and hierarchal instance between driver and loads.
INFO: [Physopt 32-1483] Netlist edit fails for net dtc_code_d1[0]_repN and pin u_lut_dtc_top/cascade[16].u_lut_dtc/dout_INST_0_i_145/I4. Please check constraints such as DONT_TOUCH on the instance, net and hierarchal instance between driver and loads.
INFO: [Physopt 32-782] Net dtc_code_d1[0] was not replicated
INFO: [Physopt 32-780] Instance u_lut_dtc_top/cascade[10].u_lut_dtc has DONT_TOUCH and is preventing optimization
Resolution: Removing DONT_TOUCH attributes may enable additional optimization
INFO: [Physopt 32-663] Processed net dtc_code_d1[0].  Re-placed instance dtc_code_d1_reg[0]
INFO: [Physopt 32-735] Processed net dtc_code_d1[0]. Optimization improves timing on the net.
INFO: [Physopt 32-619] Estimated Timing Summary | WNS=-2.325 | TNS=-30.889 |
INFO: [Physopt 32-608] Optimized 1 net.  Swapped 24 pins.
INFO: [Physopt 32-735] Processed net u_lut_dtc_top/cascade[16].u_lut_dtc/dout_INST_0_i_204_n_0. Optimization improves timing on the net.
INFO: [Physopt 32-619] Estimated Timing Summary | WNS=-2.323 | TNS=-30.887 |
INFO: [Physopt 32-702] Processed net u_lut_dtc_top/cascade[16].u_lut_dtc/group_sel[0]. Optimizations did not improve timing on the net.
INFO: [Physopt 32-702] Processed net u_lut_dtc_top/cascade[16].u_lut_dtc/dout_INST_0_i_39_n_0. Optimizations did not improve timing on the net.
INFO: [Physopt 32-702] Processed net u_lut_dtc_top/cascade[16].u_lut_dtc/carry_mux[0].group_bits[2]. Optimizations did not improve timing on the net.
INFO: [Physopt 32-608] Optimized 1 net.  Swapped 48 pins.
INFO: [Physopt 32-735] Processed net u_lut_dtc_top/cascade[16].u_lut_dtc/dout_INST_0_i_214_n_0. Optimization improves timing on the net.
INFO: [Physopt 32-619] Estimated Timing Summary | WNS=-2.323 | TNS=-30.887 |
INFO: [Physopt 32-702] Processed net u_fracn_div/u_dual_div/u_p_counter/BLOCK1[0].u_dff/Q_reg/D0. Optimizations did not improve timing on the net.
INFO: [Physopt 32-81] Processed net u_fracn_div/u_sync_rstn_dff/rst_n_sync. Replicated 2 times.
INFO: [Physopt 32-735] Processed net u_fracn_div/u_sync_rstn_dff/rst_n_sync. Optimization improves timing on the net.
INFO: [Physopt 32-619] Estimated Timing Summary | WNS=-2.323 | TNS=-30.574 |
INFO: [Physopt 32-702] Processed net u_fracn_div/u_dual_div/u_s_counter/BLOCK1[0].u_dff/Q_reg/D1. Optimizations did not improve timing on the net.
INFO: [Physopt 32-702] Processed net u_fracn_div/u_sync_rstn_dff/rst_n_sync. Optimizations did not improve timing on the net.
INFO: [Physopt 32-702] Processed net u_fracn_div/u_dual_div/u_ila_dualdiv/inst/ila_core_inst/u_trig/U_TM/N_DDR_MODE.G_NMU[2].U_M/allx_typeA_match_detection.ltlib_v1_0_2_allx_typeA_inst/all_dly1[0]. Optimizations did not improve timing on the net.
INFO: [Physopt 32-608] Optimized 1 net.  Swapped 25 pins.
INFO: [Physopt 32-735] Processed net u_fracn_div/u_dual_div/u_ila_dualdiv/inst/ila_core_inst/u_trig/U_TM/probe_data[8]. Optimization improves timing on the net.
INFO: [Physopt 32-619] Estimated Timing Summary | WNS=-2.323 | TNS=-30.536 |
INFO: [Physopt 32-702] Processed net u_fracn_div/u_dual_div/u_ila_dualdiv/inst/ila_core_inst/u_trig/U_TM/probe_data[8]. Optimizations did not improve timing on the net.
INFO: [Physopt 32-702] Processed net u_lut_dtc_top/din_delayed_d1. Optimizations did not improve timing on the net.
INFO: [Physopt 32-702] Processed net dtc_code_d1[1]. Optimizations did not improve timing on the net.
INFO: [Physopt 32-702] Processed net u_lut_dtc_top/cascade[16].u_lut_dtc/dout_INST_0_i_4_n_0. Optimizations did not improve timing on the net.
INFO: [Physopt 32-702] Processed net u_lut_dtc_top/cascade[16].u_lut_dtc/group_sel[0]. Optimizations did not improve timing on the net.
INFO: [Physopt 32-702] Processed net u_lut_dtc_top/cascade[16].u_lut_dtc/dout_INST_0_i_39_n_0. Optimizations did not improve timing on the net.
INFO: [Physopt 32-702] Processed net u_lut_dtc_top/cascade[16].u_lut_dtc/carry_mux[0].group_bits[2]. Optimizations did not improve timing on the net.
INFO: [Physopt 32-608] Optimized 1 net.  Swapped 48 pins.
INFO: [Physopt 32-735] Processed net u_lut_dtc_top/cascade[16].u_lut_dtc/dout_INST_0_i_213_n_0. Optimization improves timing on the net.
INFO: [Physopt 32-619] Estimated Timing Summary | WNS=-2.323 | TNS=-30.536 |
INFO: [Physopt 32-702] Processed net u_lut_dtc_top/cascade[16].u_lut_dtc/dout_INST_0_i_2_n_0. Optimizations did not improve timing on the net.
INFO: [Physopt 32-702] Processed net u_lut_dtc_top/cascade[16].u_lut_dtc/group_sel[5]. Optimizations did not improve timing on the net.
INFO: [Physopt 32-702] Processed net u_lut_dtc_top/cascade[16].u_lut_dtc/dout_INST_0_i_27_n_0. Optimizations did not improve timing on the net.
INFO: [Physopt 32-702] Processed net u_lut_dtc_top/cascade[16].u_lut_dtc/carry_mux[5].group_bits[3]. Optimizations did not improve timing on the net.
INFO: [Physopt 32-608] Optimized 1 net.  Swapped 48 pins.
INFO: [Physopt 32-735] Processed net u_lut_dtc_top/cascade[16].u_lut_dtc/dout_INST_0_i_168_n_0. Optimization improves timing on the net.
INFO: [Physopt 32-619] Estimated Timing Summary | WNS=-2.322 | TNS=-30.535 |
INFO: [Physopt 32-702] Processed net u_lut_dtc_top/cascade[16].u_lut_dtc/carry_mux[0].group_bits[3]. Optimizations did not improve timing on the net.
INFO: [Physopt 32-608] Optimized 1 net.  Swapped 48 pins.
INFO: [Physopt 32-735] Processed net u_lut_dtc_top/cascade[16].u_lut_dtc/dout_INST_0_i_215_n_0. Optimization improves timing on the net.
INFO: [Physopt 32-619] Estimated Timing Summary | WNS=-2.315 | TNS=-30.528 |
INFO: [Physopt 32-702] Processed net u_lut_dtc_top/cascade[16].u_lut_dtc/group_sel[1]. Optimizations did not improve timing on the net.
INFO: [Physopt 32-702] Processed net u_lut_dtc_top/cascade[16].u_lut_dtc/dout_INST_0_i_41_n_0. Optimizations did not improve timing on the net.
INFO: [Physopt 32-702] Processed net u_lut_dtc_top/cascade[16].u_lut_dtc/carry_mux[1].group_bits[7]. Optimizations did not improve timing on the net.
INFO: [Physopt 32-608] Optimized 1 net.  Swapped 24 pins.
INFO: [Physopt 32-735] Processed net u_lut_dtc_top/cascade[16].u_lut_dtc/dout_INST_0_i_224_n_0. Optimization improves timing on the net.
INFO: [Physopt 32-619] Estimated Timing Summary | WNS=-2.315 | TNS=-30.528 |
INFO: [Physopt 32-702] Processed net u_lut_dtc_top/cascade[16].u_lut_dtc/dout_INST_0_i_37_n_0. Optimizations did not improve timing on the net.
INFO: [Physopt 32-702] Processed net u_lut_dtc_top/cascade[16].u_lut_dtc/carry_mux[0].group_bits[6]. Optimizations did not improve timing on the net.
INFO: [Physopt 32-608] Optimized 1 net.  Swapped 48 pins.
INFO: [Physopt 32-735] Processed net u_lut_dtc_top/cascade[16].u_lut_dtc/dout_INST_0_i_206_n_0. Optimization improves timing on the net.
INFO: [Physopt 32-619] Estimated Timing Summary | WNS=-2.314 | TNS=-30.527 |
INFO: [Physopt 32-608] Optimized 1 net.  Swapped 48 pins.
INFO: [Physopt 32-735] Processed net u_lut_dtc_top/cascade[16].u_lut_dtc/dout_INST_0_i_216_n_0. Optimization improves timing on the net.
INFO: [Physopt 32-619] Estimated Timing Summary | WNS=-2.313 | TNS=-30.526 |
INFO: [Physopt 32-608] Optimized 1 net.  Swapped 48 pins.
INFO: [Physopt 32-735] Processed net u_lut_dtc_top/cascade[16].u_lut_dtc/dout_INST_0_i_205_n_0. Optimization improves timing on the net.
INFO: [Physopt 32-619] Estimated Timing Summary | WNS=-2.312 | TNS=-30.525 |
INFO: [Physopt 32-608] Optimized 1 net.  Swapped 24 pins.
INFO: [Physopt 32-735] Processed net u_lut_dtc_top/cascade[16].u_lut_dtc/dout_INST_0_i_223_n_0. Optimization improves timing on the net.
INFO: [Physopt 32-619] Estimated Timing Summary | WNS=-2.312 | TNS=-30.525 |
INFO: [Physopt 32-702] Processed net u_lut_dtc_top/cascade[16].u_lut_dtc/dout_INST_0_i_28_n_0. Optimizations did not improve timing on the net.
INFO: [Physopt 32-702] Processed net u_lut_dtc_top/cascade[16].u_lut_dtc/carry_mux[5].group_bits[1]. Optimizations did not improve timing on the net.
INFO: [Physopt 32-608] Optimized 1 net.  Swapped 30 pins.
INFO: [Physopt 32-735] Processed net u_lut_dtc_top/cascade[16].u_lut_dtc/dout_INST_0_i_172_n_0. Optimization improves timing on the net.
INFO: [Physopt 32-619] Estimated Timing Summary | WNS=-2.311 | TNS=-30.524 |
INFO: [Physopt 32-702] Processed net u_lut_dtc_top/cascade[16].u_lut_dtc/carry_mux[0].group_bits[7]. Optimizations did not improve timing on the net.
INFO: [Physopt 32-608] Optimized 1 net.  Swapped 48 pins.
INFO: [Physopt 32-735] Processed net u_lut_dtc_top/cascade[16].u_lut_dtc/dout_INST_0_i_207_n_0. Optimization improves timing on the net.
INFO: [Physopt 32-619] Estimated Timing Summary | WNS=-2.311 | TNS=-30.524 |
INFO: [Physopt 32-702] Processed net u_fracn_div/u_dual_div/u_s_counter/BLOCK1[0].u_dff/Q_reg/D1. Optimizations did not improve timing on the net.
INFO: [Physopt 32-702] Processed net u_fracn_div/u_sync_rstn_dff/rst_n_sync. Optimizations did not improve timing on the net.
INFO: [Physopt 32-702] Processed net u_fracn_div/u_dual_div/u_ila_dualdiv/inst/ila_core_inst/u_trig/U_TM/N_DDR_MODE.G_NMU[2].U_M/allx_typeA_match_detection.ltlib_v1_0_2_allx_typeA_inst/all_dly1[0]. Optimizations did not improve timing on the net.
INFO: [Physopt 32-702] Processed net u_fracn_div/u_dual_div/u_ila_dualdiv/inst/ila_core_inst/u_trig/U_TM/probe_data[8]. Optimizations did not improve timing on the net.
INFO: [Physopt 32-619] Estimated Timing Summary | WNS=-2.311 | TNS=-30.524 |
Netlist sorting complete. Time (s): cpu = 00:00:00 ; elapsed = 00:00:00.005 . Memory (MB): peak = 5188.125 ; gain = 0.000
Phase 3 Critical Path Optimization | Checksum: f8a9b053

Time (s): cpu = 00:00:08 ; elapsed = 00:00:12 . Memory (MB): peak = 5188.125 ; gain = 0.000

Phase 4 Critical Path Optimization
INFO: [Physopt 32-619] Estimated Timing Summary | WNS=-2.311 | TNS=-30.524 |
INFO: [Physopt 32-702] Processed net u_lut_dtc_top/din_delayed_d1. Optimizations did not improve timing on the net.
INFO: [Physopt 32-1483] Netlist edit fails for net dtc_code_d1[1]_repN and pin u_lut_dtc_top/cascade[16].u_lut_dtc/dout_INST_0_i_141/I2. Please check constraints such as DONT_TOUCH on the instance, net and hierarchal instance between driver and loads.
INFO: [Physopt 32-1483] Netlist edit fails for net dtc_code_d1[1]_repN and pin u_lut_dtc_top/cascade[16].u_lut_dtc/dout_INST_0_i_109/I2. Please check constraints such as DONT_TOUCH on the instance, net and hierarchal instance between driver and loads.
INFO: [Physopt 32-1483] Netlist edit fails for net dtc_code_d1[1]_repN and pin u_lut_dtc_top/cascade[16].u_lut_dtc/dout_INST_0_i_113/I2. Please check constraints such as DONT_TOUCH on the instance, net and hierarchal instance between driver and loads.
INFO: [Physopt 32-782] Net dtc_code_d1[1] was not replicated
INFO: [Physopt 32-780] Instance u_lut_dtc_top/cascade[10].u_lut_dtc has DONT_TOUCH and is preventing optimization
Resolution: Removing DONT_TOUCH attributes may enable additional optimization
INFO: [Physopt 32-702] Processed net dtc_code_d1[1]. Optimizations did not improve timing on the net.
INFO: [Physopt 32-702] Processed net u_lut_dtc_top/cascade[16].u_lut_dtc/dout_INST_0_i_2_n_0. Optimizations did not improve timing on the net.
INFO: [Physopt 32-702] Processed net u_lut_dtc_top/cascade[16].u_lut_dtc/group_sel[5]. Optimizations did not improve timing on the net.
INFO: [Physopt 32-702] Processed net u_lut_dtc_top/cascade[16].u_lut_dtc/dout_INST_0_i_28_n_0. Optimizations did not improve timing on the net.
INFO: [Physopt 32-702] Processed net u_lut_dtc_top/cascade[16].u_lut_dtc/carry_mux[5].group_bits[1]. Optimizations did not improve timing on the net.
INFO: [Physopt 32-608] Optimized 1 net.  Swapped 30 pins.
INFO: [Physopt 32-735] Processed net u_lut_dtc_top/cascade[16].u_lut_dtc/dout_INST_0_i_171_n_0. Optimization improves timing on the net.
INFO: [Physopt 32-619] Estimated Timing Summary | WNS=-2.306 | TNS=-30.519 |
INFO: [Physopt 32-702] Processed net u_lut_dtc_top/cascade[16].u_lut_dtc/dout_INST_0_i_1_n_0. Optimizations did not improve timing on the net.
INFO: [Physopt 32-702] Processed net u_lut_dtc_top/cascade[16].u_lut_dtc/group_sel[7]. Optimizations did not improve timing on the net.
INFO: [Physopt 32-702] Processed net u_lut_dtc_top/cascade[16].u_lut_dtc/dout_INST_0_i_18_n_0. Optimizations did not improve timing on the net.
INFO: [Physopt 32-702] Processed net u_lut_dtc_top/cascade[16].u_lut_dtc/carry_mux[7].group_bits[4]. Optimizations did not improve timing on the net.
INFO: [Physopt 32-608] Optimized 1 net.  Swapped 48 pins.
INFO: [Physopt 32-735] Processed net u_lut_dtc_top/cascade[16].u_lut_dtc/dout_INST_0_i_130_n_0. Optimization improves timing on the net.
INFO: [Physopt 32-619] Estimated Timing Summary | WNS=-2.306 | TNS=-30.519 |
INFO: [Physopt 32-608] Optimized 1 net.  Swapped 48 pins.
INFO: [Physopt 32-735] Processed net u_lut_dtc_top/cascade[16].u_lut_dtc/dout_INST_0_i_129_n_0. Optimization improves timing on the net.
INFO: [Physopt 32-619] Estimated Timing Summary | WNS=-2.304 | TNS=-30.517 |
INFO: [Physopt 32-702] Processed net u_lut_dtc_top/cascade[16].u_lut_dtc/dout_INST_0_i_4_n_0. Optimizations did not improve timing on the net.
INFO: [Physopt 32-702] Processed net u_lut_dtc_top/cascade[16].u_lut_dtc/group_sel[1]. Optimizations did not improve timing on the net.
INFO: [Physopt 32-702] Processed net u_lut_dtc_top/cascade[16].u_lut_dtc/dout_INST_0_i_41_n_0. Optimizations did not improve timing on the net.
INFO: [Physopt 32-702] Processed net u_lut_dtc_top/cascade[16].u_lut_dtc/carry_mux[1].group_bits[6]. Optimizations did not improve timing on the net.
INFO: [Physopt 32-608] Optimized 1 net.  Swapped 24 pins.
INFO: [Physopt 32-735] Processed net u_lut_dtc_top/cascade[16].u_lut_dtc/dout_INST_0_i_222_n_0. Optimization improves timing on the net.
INFO: [Physopt 32-619] Estimated Timing Summary | WNS=-2.304 | TNS=-30.517 |
INFO: [Physopt 32-608] Optimized 1 net.  Swapped 24 pins.
INFO: [Physopt 32-735] Processed net u_lut_dtc_top/cascade[16].u_lut_dtc/dout_INST_0_i_221_n_0. Optimization improves timing on the net.
INFO: [Physopt 32-619] Estimated Timing Summary | WNS=-2.304 | TNS=-30.517 |
INFO: [Physopt 32-702] Processed net u_lut_dtc_top/cascade[16].u_lut_dtc/group_sel[0]. Optimizations did not improve timing on the net.
INFO: [Physopt 32-702] Processed net u_lut_dtc_top/cascade[16].u_lut_dtc/dout_INST_0_i_37_n_0. Optimizations did not improve timing on the net.
INFO: [Physopt 32-702] Processed net u_lut_dtc_top/cascade[16].u_lut_dtc/carry_mux[0].group_bits[7]. Optimizations did not improve timing on the net.
INFO: [Physopt 32-608] Optimized 1 net.  Swapped 48 pins.
INFO: [Physopt 32-735] Processed net u_lut_dtc_top/cascade[16].u_lut_dtc/dout_INST_0_i_208_n_0. Optimization improves timing on the net.
INFO: [Physopt 32-619] Estimated Timing Summary | WNS=-2.302 | TNS=-30.515 |
INFO: [Physopt 32-702] Processed net u_lut_dtc_top/cascade[16].u_lut_dtc/carry_mux[7].group_bits[5]. Optimizations did not improve timing on the net.
INFO: [Physopt 32-608] Optimized 1 net.  Swapped 48 pins.
INFO: [Physopt 32-735] Processed net u_lut_dtc_top/cascade[16].u_lut_dtc/dout_INST_0_i_131_n_0. Optimization improves timing on the net.
INFO: [Physopt 32-619] Estimated Timing Summary | WNS=-2.297 | TNS=-30.510 |
INFO: [Physopt 32-702] Processed net u_lut_dtc_top/cascade[16].u_lut_dtc/carry_mux[5].group_bits[0]. Optimizations did not improve timing on the net.
INFO: [Physopt 32-608] Optimized 1 net.  Swapped 30 pins.
INFO: [Physopt 32-735] Processed net u_lut_dtc_top/cascade[16].u_lut_dtc/dout_INST_0_i_170_n_0. Optimization improves timing on the net.
INFO: [Physopt 32-619] Estimated Timing Summary | WNS=-2.297 | TNS=-30.510 |
INFO: [Physopt 32-608] Optimized 1 net.  Swapped 30 pins.
INFO: [Physopt 32-735] Processed net u_lut_dtc_top/cascade[16].u_lut_dtc/dout_INST_0_i_169_n_0. Optimization improves timing on the net.
INFO: [Physopt 32-619] Estimated Timing Summary | WNS=-2.296 | TNS=-30.509 |
INFO: [Physopt 32-702] Processed net u_lut_dtc_top/cascade[16].u_lut_dtc/dout_INST_0_i_3_n_0. Optimizations did not improve timing on the net.
INFO: [Physopt 32-608] Optimized 1 net.  Swapped 60 pins.
INFO: [Physopt 32-735] Processed net u_lut_dtc_top/cascade[16].u_lut_dtc/group_sel[3]. Optimization improves timing on the net.
INFO: [Physopt 32-619] Estimated Timing Summary | WNS=-2.296 | TNS=-30.509 |
INFO: [Physopt 32-702] Processed net u_fracn_div/u_dual_div/u_s_counter/BLOCK1[0].u_dff/Q_reg/D1. Optimizations did not improve timing on the net.
INFO: [Physopt 32-702] Processed net u_fracn_div/u_sync_rstn_dff/rst_n_sync. Optimizations did not improve timing on the net.
INFO: [Physopt 32-702] Processed net u_fracn_div/u_dual_div/u_ila_dualdiv/inst/ila_core_inst/u_trig/U_TM/N_DDR_MODE.G_NMU[2].U_M/allx_typeA_match_detection.ltlib_v1_0_2_allx_typeA_inst/all_dly1[0]. Optimizations did not improve timing on the net.
INFO: [Physopt 32-702] Processed net u_fracn_div/u_dual_div/u_ila_dualdiv/inst/ila_core_inst/u_trig/U_TM/probe_data[8]. Optimizations did not improve timing on the net.
INFO: [Physopt 32-702] Processed net u_lut_dtc_top/din_delayed_d1. Optimizations did not improve timing on the net.
INFO: [Physopt 32-702] Processed net dtc_code_d1[1]. Optimizations did not improve timing on the net.
INFO: [Physopt 32-702] Processed net u_lut_dtc_top/cascade[16].u_lut_dtc/dout_INST_0_i_1_n_0. Optimizations did not improve timing on the net.
INFO: [Physopt 32-702] Processed net u_lut_dtc_top/cascade[16].u_lut_dtc/group_sel[7]. Optimizations did not improve timing on the net.
INFO: [Physopt 32-702] Processed net u_lut_dtc_top/cascade[16].u_lut_dtc/dout_INST_0_i_20_n_0. Optimizations did not improve timing on the net.
INFO: [Physopt 32-702] Processed net u_lut_dtc_top/cascade[16].u_lut_dtc/carry_mux[7].group_bits[0]. Optimizations did not improve timing on the net.
INFO: [Physopt 32-608] Optimized 1 net.  Swapped 48 pins.
INFO: [Physopt 32-735] Processed net u_lut_dtc_top/cascade[16].u_lut_dtc/dout_INST_0_i_138_n_0. Optimization improves timing on the net.
INFO: [Physopt 32-619] Estimated Timing Summary | WNS=-2.296 | TNS=-30.509 |
INFO: [Physopt 32-702] Processed net u_lut_dtc_top/cascade[16].u_lut_dtc/dout_INST_0_i_18_n_0. Optimizations did not improve timing on the net.
INFO: [Physopt 32-702] Processed net u_lut_dtc_top/cascade[16].u_lut_dtc/carry_mux[7].group_bits[5]. Optimizations did not improve timing on the net.
INFO: [Physopt 32-608] Optimized 1 net.  Swapped 48 pins.
INFO: [Physopt 32-735] Processed net u_lut_dtc_top/cascade[16].u_lut_dtc/dout_INST_0_i_132_n_0. Optimization improves timing on the net.
INFO: [Physopt 32-619] Estimated Timing Summary | WNS=-2.294 | TNS=-30.507 |
INFO: [Physopt 32-702] Processed net u_lut_dtc_top/cascade[16].u_lut_dtc/dout_INST_0_i_19_n_0. Optimizations did not improve timing on the net.
INFO: [Physopt 32-702] Processed net u_lut_dtc_top/cascade[16].u_lut_dtc/carry_mux[7].group_bits[2]. Optimizations did not improve timing on the net.
INFO: [Physopt 32-608] Optimized 1 net.  Swapped 48 pins.
INFO: [Physopt 32-735] Processed net u_lut_dtc_top/cascade[16].u_lut_dtc/dout_INST_0_i_134_n_0. Optimization improves timing on the net.
INFO: [Physopt 32-619] Estimated Timing Summary | WNS=-2.293 | TNS=-30.506 |
INFO: [Physopt 32-702] Processed net u_lut_dtc_top/cascade[16].u_lut_dtc/dout_INST_0_i_3_n_0. Optimizations did not improve timing on the net.
INFO: [Physopt 32-608] Optimized 1 net.  Swapped 60 pins.
INFO: [Physopt 32-735] Processed net u_lut_dtc_top/cascade[16].u_lut_dtc/group_sel[2]. Optimization improves timing on the net.
INFO: [Physopt 32-619] Estimated Timing Summary | WNS=-2.293 | TNS=-30.506 |
INFO: [Physopt 32-608] Optimized 1 net.  Swapped 48 pins.
INFO: [Physopt 32-735] Processed net u_lut_dtc_top/cascade[16].u_lut_dtc/dout_INST_0_i_137_n_0. Optimization improves timing on the net.
INFO: [Physopt 32-619] Estimated Timing Summary | WNS=-2.292 | TNS=-30.505 |
INFO: [Physopt 32-702] Processed net u_lut_dtc_top/cascade[16].u_lut_dtc/dout_INST_0_i_2_n_0. Optimizations did not improve timing on the net.
INFO: [Physopt 32-702] Processed net u_lut_dtc_top/cascade[16].u_lut_dtc/group_sel[5]. Optimizations did not improve timing on the net.
INFO: [Physopt 32-702] Processed net u_lut_dtc_top/cascade[16].u_lut_dtc/dout_INST_0_i_25_n_0. Optimizations did not improve timing on the net.
INFO: [Physopt 32-702] Processed net u_lut_dtc_top/cascade[16].u_lut_dtc/carry_mux[5].group_bits[6]. Optimizations did not improve timing on the net.
INFO: [Physopt 32-608] Optimized 1 net.  Swapped 30 pins.
INFO: [Physopt 32-735] Processed net u_lut_dtc_top/cascade[16].u_lut_dtc/dout_INST_0_i_158_n_0. Optimization improves timing on the net.
INFO: [Physopt 32-619] Estimated Timing Summary | WNS=-2.292 | TNS=-30.505 |
INFO: [Physopt 32-702] Processed net u_lut_dtc_top/cascade[16].u_lut_dtc/carry_mux[7].group_bits[3]. Optimizations did not improve timing on the net.
INFO: [Physopt 32-608] Optimized 1 net.  Swapped 48 pins.
INFO: [Physopt 32-735] Processed net u_lut_dtc_top/cascade[16].u_lut_dtc/dout_INST_0_i_136_n_0. Optimization improves timing on the net.
INFO: [Physopt 32-619] Estimated Timing Summary | WNS=-2.290 | TNS=-30.503 |
INFO: [Physopt 32-608] Optimized 1 net.  Swapped 48 pins.
INFO: [Physopt 32-735] Processed net u_lut_dtc_top/cascade[16].u_lut_dtc/dout_INST_0_i_133_n_0. Optimization improves timing on the net.
INFO: [Physopt 32-619] Estimated Timing Summary | WNS=-2.289 | TNS=-30.502 |
INFO: [Physopt 32-702] Processed net u_lut_dtc_top/cascade[16].u_lut_dtc/dout_INST_0_i_27_n_0. Optimizations did not improve timing on the net.
INFO: [Physopt 32-702] Processed net u_lut_dtc_top/cascade[16].u_lut_dtc/carry_mux[5].group_bits[2]. Optimizations did not improve timing on the net.
INFO: [Physopt 32-608] Optimized 1 net.  Swapped 48 pins.
INFO: [Physopt 32-735] Processed net u_lut_dtc_top/cascade[16].u_lut_dtc/dout_INST_0_i_166_n_0. Optimization improves timing on the net.
INFO: [Physopt 32-619] Estimated Timing Summary | WNS=-2.289 | TNS=-30.502 |
INFO: [Physopt 32-702] Processed net u_lut_dtc_top/cascade[16].u_lut_dtc/carry_mux[7].group_bits[1]. Optimizations did not improve timing on the net.
INFO: [Physopt 32-608] Optimized 1 net.  Swapped 48 pins.
INFO: [Physopt 32-735] Processed net u_lut_dtc_top/cascade[16].u_lut_dtc/dout_INST_0_i_139_n_0. Optimization improves timing on the net.
INFO: [Physopt 32-619] Estimated Timing Summary | WNS=-2.288 | TNS=-30.501 |
INFO: [Physopt 32-702] Processed net u_fracn_div/u_dual_div/u_s_counter/BLOCK1[0].u_dff/Q_reg/D1. Optimizations did not improve timing on the net.
INFO: [Physopt 32-702] Processed net u_fracn_div/u_sync_rstn_dff/rst_n_sync. Optimizations did not improve timing on the net.
INFO: [Physopt 32-702] Processed net u_fracn_div/u_dual_div/u_ila_dualdiv/inst/ila_core_inst/u_trig/U_TM/N_DDR_MODE.G_NMU[2].U_M/allx_typeA_match_detection.ltlib_v1_0_2_allx_typeA_inst/all_dly1[0]. Optimizations did not improve timing on the net.
INFO: [Physopt 32-702] Processed net u_fracn_div/u_dual_div/u_ila_dualdiv/inst/ila_core_inst/u_trig/U_TM/probe_data[8]. Optimizations did not improve timing on the net.
INFO: [Physopt 32-619] Estimated Timing Summary | WNS=-2.288 | TNS=-30.501 |
Netlist sorting complete. Time (s): cpu = 00:00:00 ; elapsed = 00:00:00.003 . Memory (MB): peak = 5188.125 ; gain = 0.000
Phase 4 Critical Path Optimization | Checksum: 1669c906e

Time (s): cpu = 00:00:10 ; elapsed = 00:00:14 . Memory (MB): peak = 5188.125 ; gain = 0.000
Netlist sorting complete. Time (s): cpu = 00:00:00 ; elapsed = 00:00:00.002 . Memory (MB): peak = 5188.125 ; gain = 0.000
Netlist sorting complete. Time (s): cpu = 00:00:00 ; elapsed = 00:00:00.002 . Memory (MB): peak = 5188.125 ; gain = 0.000
INFO: [Physopt 32-603] Post Physical Optimization Timing Summary | WNS=-2.288 | TNS=-30.501 |

Summary of Physical Synthesis Optimizations
============================================


-------------------------------------------------------------------------------------------------------------------------------------------------------------
|  Optimization   |  WNS Gain (ns)  |  TNS Gain (ns)  |  Added Cells  |  Removed Cells  |  Optimized Cells/Nets  |  Dont Touch  |  Iterations  |  Elapsed   |
-------------------------------------------------------------------------------------------------------------------------------------------------------------
|  DSP Register   |          0.000  |          0.000  |            0  |              0  |                     0  |           0  |           1  |  00:00:00  |
|  Critical Path  |          0.057  |          0.408  |            2  |              0  |                    44  |           0  |           2  |  00:00:09  |
|  Total          |          0.057  |          0.408  |            2  |              0  |                    44  |           0  |           3  |  00:00:09  |
-------------------------------------------------------------------------------------------------------------------------------------------------------------


Netlist sorting complete. Time (s): cpu = 00:00:00 ; elapsed = 00:00:00.003 . Memory (MB): peak = 5188.125 ; gain = 0.000
Ending Physical Synthesis Task | Checksum: 2521641b2

Time (s): cpu = 00:00:10 ; elapsed = 00:00:14 . Memory (MB): peak = 5188.125 ; gain = 0.000
INFO: [Common 17-83] Releasing license: Implementation
387 Infos, 14 Warnings, 50 Critical Warnings and 0 Errors encountered.
phys_opt_design completed successfully
phys_opt_design: Time (s): cpu = 00:00:11 ; elapsed = 00:00:16 . Memory (MB): peak = 5188.125 ; gain = 0.000
INFO: [Timing 38-480] Writing timing data to binary archive.
Write ShapeDB Complete: Time (s): cpu = 00:00:00 ; elapsed = 00:00:00.023 . Memory (MB): peak = 5188.125 ; gain = 0.000
Wrote PlaceDB: Time (s): cpu = 00:00:01 ; elapsed = 00:00:00.688 . Memory (MB): peak = 5188.125 ; gain = 0.000
Wrote PulsedLatchDB: Time (s): cpu = 00:00:00 ; elapsed = 00:00:00 . Memory (MB): peak = 5188.125 ; gain = 0.000
Writing XDEF routing.
Writing XDEF routing logical nets.
Writing XDEF routing special nets.
Wrote RouteStorage: Time (s): cpu = 00:00:00 ; elapsed = 00:00:00.030 . Memory (MB): peak = 5188.125 ; gain = 0.000
Wrote Netlist Cache: Time (s): cpu = 00:00:00 ; elapsed = 00:00:00.010 . Memory (MB): peak = 5188.125 ; gain = 0.000
Wrote Device Cache: Time (s): cpu = 00:00:00 ; elapsed = 00:00:00.011 . Memory (MB): peak = 5188.125 ; gain = 0.000
Write Physdb Complete: Time (s): cpu = 00:00:01 ; elapsed = 00:00:00.746 . Memory (MB): peak = 5188.125 ; gain = 0.000
INFO: [Common 17-1381] The checkpoint 'C:/Users/admin/Desktop/cygao/20260720/fpga_pll_mash111_dtc_ssc/FPGA_SSC_PLL/FPGA_SSC_PLL.runs/impl_1/fpga_ssc_pll_top_physopt.dcp' has been generated.
Command: route_design
Attempting to get a license for feature 'Implementation' and/or device 'xcvu9p'
INFO: [Common 17-349] Got license for feature 'Implementation' and/or device 'xcvu9p'
INFO: [DRC 23-27] Running DRC with 2 threads
INFO: [Vivado_Tcl 4-198] DRC finished with 0 Errors
INFO: [Vivado_Tcl 4-199] Please refer to the DRC report (report_drc) for more information.


Starting Routing Task
INFO: [Route 35-254] Multithreading enabled for route_design using a maximum of 2 CPUs

Phase 1 Build RT Design
Checksum: PlaceDB: 931a8c15 ConstDB: 0 ShapeSum: 455226b4 RouteDB: e8da7e52
Nodegraph reading from file.  Time (s): cpu = 00:00:00 ; elapsed = 00:00:01 . Memory (MB): peak = 5188.125 ; gain = 0.000
Post Restoration Checksum: NetGraph: 27b2de2c | NumContArr: 1a1868f5 | Constraints: f0ad2a6b | Timing: c2a8fa9d
Phase 1 Build RT Design | Checksum: 1f5216c29

Time (s): cpu = 00:00:04 ; elapsed = 00:00:06 . Memory (MB): peak = 5188.125 ; gain = 0.000

Phase 2 Router Initialization

Phase 2.1 Fix Topology Constraints
Phase 2.1 Fix Topology Constraints | Checksum: 1f5216c29

Time (s): cpu = 00:00:04 ; elapsed = 00:00:06 . Memory (MB): peak = 5188.125 ; gain = 0.000

Phase 2.2 Pre Route Cleanup
Phase 2.2 Pre Route Cleanup | Checksum: 1f5216c29

Time (s): cpu = 00:00:04 ; elapsed = 00:00:06 . Memory (MB): peak = 5188.125 ; gain = 0.000

Phase 2.3 Global Clock Net Routing
WARNING: [Route 35-516] Net div_out_raw_g failed to route using regular resources. Router had to use a LUT routeThru to make it routable.
 Number of Nodes with overlaps = 0
Phase 2.3 Global Clock Net Routing | Checksum: 2ab294244

Time (s): cpu = 00:00:08 ; elapsed = 00:00:11 . Memory (MB): peak = 5635.352 ; gain = 447.227

Phase 2.4 Update Timing
Phase 2.4 Update Timing | Checksum: 2246edf2f

Time (s): cpu = 00:00:09 ; elapsed = 00:00:13 . Memory (MB): peak = 5635.352 ; gain = 447.227
INFO: [Route 35-416] Intermediate Timing Summary | WNS=-2.111 | TNS=-31.971| WHS=-2.150 | THS=-98.835|


Phase 2.5 Update Timing for Bus Skew

Phase 2.5.1 Update Timing
Phase 2.5.1 Update Timing | Checksum: 181d18eb2

Time (s): cpu = 00:00:11 ; elapsed = 00:00:14 . Memory (MB): peak = 5635.352 ; gain = 447.227
INFO: [Route 35-416] Intermediate Timing Summary | WNS=-2.111 | TNS=-30.107| WHS=-3.025 | THS=-124.046|

Phase 2.5 Update Timing for Bus Skew | Checksum: 15cf04b24

Time (s): cpu = 00:00:11 ; elapsed = 00:00:14 . Memory (MB): peak = 5635.352 ; gain = 447.227

Router Utilization Summary
  Global Vertical Routing Utilization    = 0.00287169 %
  Global Horizontal Routing Utilization  = 0.00389148 %
  Routable Net Status*
  *Does not include unroutable nets such as driverless and loadless.
  Run report_route_status for detailed report.
  Number of Failed Nets               = 18526
    (Failed Nets is the sum of unrouted and partially routed nets)
  Number of Unrouted Nets             = 15867
  Number of Partially Routed Nets     = 2659
  Number of Node Overlaps             = 2014

Phase 2 Router Initialization | Checksum: 1ffc53b84

Time (s): cpu = 00:00:14 ; elapsed = 00:00:17 . Memory (MB): peak = 5703.336 ; gain = 515.211

Phase 3 Global Routing
Phase 3 Global Routing | Checksum: 1ffc53b84

Time (s): cpu = 00:00:14 ; elapsed = 00:00:17 . Memory (MB): peak = 5703.336 ; gain = 515.211

Phase 4 Initial Routing

Phase 4.1 Initial Net Routing Pass
Phase 4.1 Initial Net Routing Pass | Checksum: 1ff2ea3bf

Time (s): cpu = 00:00:24 ; elapsed = 00:00:26 . Memory (MB): peak = 5703.336 ; gain = 515.211
Phase 4 Initial Routing | Checksum: 2fd118155

Time (s): cpu = 00:00:25 ; elapsed = 00:00:27 . Memory (MB): peak = 5703.336 ; gain = 515.211
INFO: [Route 35-580] Design has 69 pins with tight setup and hold constraints.

The top 5 pins with tight setup and hold constraints:

+====================+===================+===========================================================================================================================================+
| Launch Setup Clock | Launch Hold Clock | Pin                                                                                                                                       |
+====================+===================+===========================================================================================================================================+
| dtc_code           | dtc_code          | u_ila/inst/ila_core_inst/u_trig/U_TM/N_DDR_MODE.G_NMU[4].U_M/allx_typeA_match_detection.ltlib_v1_0_2_allx_typeA_inst/probeDelay1_reg[0]/D |
| dtc_code           | dtc_code          | u_ila/inst/ila_core_inst/shifted_data_in_reg[7][17]_srl8/D                                                                                |
| dtc_code           | dtc_code          | u_ila/inst/ila_core_inst/shifted_data_in_reg[7][23]_srl8/D                                                                                |
| dtc_code           | dtc_code          | u_ila/inst/ila_core_inst/shifted_data_in_reg[7][20]_srl8/D                                                                                |
| dtc_code           | dtc_code          | u_ila/inst/ila_core_inst/shifted_data_in_reg[7][21]_srl8/D                                                                                |
+--------------------+-------------------+-------------------------------------------------------------------------------------------------------------------------------------------+

File with complete list of pins: tight_setup_hold_pins.txt


Phase 5 Rip-up And Reroute

Phase 5.1 Global Iteration 0
 Number of Nodes with overlaps = 3512
 Number of Nodes with overlaps = 240
 Number of Nodes with overlaps = 15
 Number of Nodes with overlaps = 3
 Number of Nodes with overlaps = 1
 Number of Nodes with overlaps = 0
INFO: [Route 35-416] Intermediate Timing Summary | WNS=-4.003 | TNS=-133.377| WHS=-1.588 | THS=-17.757|

Phase 5.1 Global Iteration 0 | Checksum: 21da4076c

Time (s): cpu = 00:01:36 ; elapsed = 00:01:35 . Memory (MB): peak = 5703.336 ; gain = 515.211

Phase 5.2 Global Iteration 1
 Number of Nodes with overlaps = 22
 Number of Nodes with overlaps = 0
INFO: [Route 35-416] Intermediate Timing Summary | WNS=-3.954 | TNS=-138.354| WHS=N/A    | THS=N/A    |

Phase 5.2 Global Iteration 1 | Checksum: 23227c45a

Time (s): cpu = 00:01:59 ; elapsed = 00:02:03 . Memory (MB): peak = 5703.336 ; gain = 515.211

Phase 5.3 Global Iteration 2
 Number of Nodes with overlaps = 0
INFO: [Route 35-416] Intermediate Timing Summary | WNS=-3.987 | TNS=-138.763| WHS=N/A    | THS=N/A    |

Phase 5.3 Global Iteration 2 | Checksum: 293450601

Time (s): cpu = 00:01:59 ; elapsed = 00:02:03 . Memory (MB): peak = 5703.336 ; gain = 515.211
Phase 5 Rip-up And Reroute | Checksum: 293450601

Time (s): cpu = 00:01:59 ; elapsed = 00:02:03 . Memory (MB): peak = 5703.336 ; gain = 515.211

Phase 6 Delay and Skew Optimization

Phase 6.1 Delay CleanUp
INFO: [Route 35-416] Intermediate Timing Summary | WNS=-3.953 | TNS=-138.291| WHS=-0.104 | THS=-0.300 |

INFO: [Route 35-416] Intermediate Timing Summary | WNS=-3.953 | TNS=-138.291| WHS=-0.104 | THS=-0.300 |

 Number of Nodes with overlaps = 0
Phase 6.1 Delay CleanUp | Checksum: 2340cd581

Time (s): cpu = 00:02:02 ; elapsed = 00:02:07 . Memory (MB): peak = 5703.336 ; gain = 515.211

Phase 6.2 Clock Skew Optimization
Phase 6.2 Clock Skew Optimization | Checksum: 2340cd581

Time (s): cpu = 00:02:02 ; elapsed = 00:02:07 . Memory (MB): peak = 5703.336 ; gain = 515.211
Phase 6 Delay and Skew Optimization | Checksum: 2340cd581

Time (s): cpu = 00:02:02 ; elapsed = 00:02:07 . Memory (MB): peak = 5703.336 ; gain = 515.211

Phase 7 Post Hold Fix

Phase 7.1 Hold Fix Iter
INFO: [Route 35-416] Intermediate Timing Summary | WNS=-3.953 | TNS=-135.820| WHS=-0.104 | THS=-0.300 |

Phase 7.1 Hold Fix Iter | Checksum: 1aefa6691

Time (s): cpu = 00:02:03 ; elapsed = 00:02:08 . Memory (MB): peak = 5703.336 ; gain = 515.211

Phase 7.2 Non Free Resource Hold Fix Iter
Phase 7.2 Non Free Resource Hold Fix Iter | Checksum: 19dd87a27

Time (s): cpu = 00:02:03 ; elapsed = 00:02:08 . Memory (MB): peak = 5703.336 ; gain = 515.211
WARNING: [Route 35-468] The router encountered 59 pins that are both setup-critical and hold-critical and tried to fix hold violations at the expense of setup slack. Such pins are:
	u_fracn_div/u_dual_div/u_ila_dualdiv/inst/ila_core_inst/shifted_data_in_reg[7][9]_srl8/D
	u_fracn_div/u_dual_div/u_ila_dualdiv/inst/ila_core_inst/u_trig/U_TM/N_DDR_MODE.G_NMU[2].U_M_i_1/I1
	u_sys_bufg_fracn_out/I
	u_fracn_div/u_dual_div/u_p_counter/u_ld_dff/Q_reg_0_BUFG_inst/I
	u_fracn_div/u_dual_div/u_ila_dualdiv/inst/ila_core_inst/shifted_data_in_reg[7][10]_srl8/D
	u_fracn_div/u_dual_div/u_ila_dualdiv/inst/ila_core_inst/shifted_data_in_reg[7][11]_srl8/D
	u_fracn_div/u_dual_div/u_ila_dualdiv/inst/ila_core_inst/u_trig/U_TM/N_DDR_MODE.G_NMU[3].U_M_i_1/I1
	u_ila/inst/ila_core_inst/shifted_data_in_reg[7][25]_srl8/D
	u_ila/inst/ila_core_inst/u_trig/U_TM/N_DDR_MODE.G_NMU[5].U_M_i_8/I0
	u_ila/inst/ila_core_inst/shifted_data_in_reg[7][24]_srl8/D
	.. and 49 more pins.

Phase 7 Post Hold Fix | Checksum: 19dd87a27

Time (s): cpu = 00:02:03 ; elapsed = 00:02:08 . Memory (MB): peak = 5703.336 ; gain = 515.211

Phase 8 Route finalize

Router Utilization Summary
  Global Vertical Routing Utilization    = 0.136356 %
  Global Horizontal Routing Utilization  = 0.165512 %
  Routable Net Status*
  *Does not include unroutable nets such as driverless and loadless.
  Run report_route_status for detailed report.
  Number of Failed Nets               = 0
    (Failed Nets is the sum of unrouted and partially routed nets)
  Number of Unrouted Nets             = 0
  Number of Partially Routed Nets     = 0
  Number of Node Overlaps             = 0


--GLOBAL Congestion:
Utilization threshold used for congestion level computation: 0.85
Congestion Report
North Dir 1x1 Area, Max Cong = 60.5634%, No Congested Regions.
South Dir 1x1 Area, Max Cong = 59.7156%, No Congested Regions.
East Dir 1x1 Area, Max Cong = 41.3462%, No Congested Regions.
West Dir 1x1 Area, Max Cong = 45.1923%, No Congested Regions.

------------------------------
Reporting congestion hotspots
------------------------------
Direction: North
----------------
Congested clusters found at Level 0
Effective congestion level: 0 Aspect Ratio: 1 Sparse Ratio: 0
Direction: South
----------------
Congested clusters found at Level 0
Effective congestion level: 0 Aspect Ratio: 1 Sparse Ratio: 0
Direction: East
----------------
Congested clusters found at Level 0
Effective congestion level: 0 Aspect Ratio: 1 Sparse Ratio: 0
Direction: West
----------------
Congested clusters found at Level 0
Effective congestion level: 0 Aspect Ratio: 1 Sparse Ratio: 0

Phase 8 Route finalize | Checksum: 19dd87a27

Time (s): cpu = 00:02:03 ; elapsed = 00:02:09 . Memory (MB): peak = 5703.336 ; gain = 515.211

Phase 9 Verifying routed nets

 Verification completed successfully
Phase 9 Verifying routed nets | Checksum: 19dd87a27

Time (s): cpu = 00:02:03 ; elapsed = 00:02:09 . Memory (MB): peak = 5703.336 ; gain = 515.211

Phase 10 Depositing Routes
Phase 10 Depositing Routes | Checksum: 19dd87a27

Time (s): cpu = 00:02:04 ; elapsed = 00:02:09 . Memory (MB): peak = 5703.336 ; gain = 515.211

Phase 11 Resolve XTalk
Phase 11 Resolve XTalk | Checksum: 19dd87a27

Time (s): cpu = 00:02:04 ; elapsed = 00:02:09 . Memory (MB): peak = 5703.336 ; gain = 515.211

Phase 12 Post Process Routing
WARNING: [Route 35-426]  Router was unable to fix hold violation on pins with fixed or dedicated routing. The router cannot add routing detours to improve hold time because the pins fall under one or more of the listed categories: partition pins, fixed routes and intra-site connections.
Resolution: Run report_timing_summary to analyze the hold violations.
Phase 12 Post Process Routing | Checksum: 19dd87a27

Time (s): cpu = 00:02:04 ; elapsed = 00:02:09 . Memory (MB): peak = 5703.336 ; gain = 515.211

Phase 13 Post Router Timing

Phase 13.1 Update Timing
Phase 13.1 Update Timing | Checksum: 19dd87a27

Time (s): cpu = 00:02:04 ; elapsed = 00:02:10 . Memory (MB): peak = 5703.336 ; gain = 515.211
INFO: [Route 35-57] Estimated Timing Summary | WNS=-3.953 | TNS=-135.820| WHS=-0.104 | THS=-0.300 |

WARNING: [Route 35-328] Router estimated timing not met.
Resolution: For a complete and accurate timing signoff, report_timing_summary must be run after route_design. Alternatively, route_design can be run with the -timing_summary option to enable a complete timing signoff at the end of route_design.
Phase 13 Post Router Timing | Checksum: 19dd87a27

Time (s): cpu = 00:02:04 ; elapsed = 00:02:10 . Memory (MB): peak = 5703.336 ; gain = 515.211
Found no candidate nets for laguna hold fix
Time taken to check if laguna hold fix is required (in secs): 0.01

Phase 14 Physical Synthesis in Router

Phase 14.1 Physical Synthesis Initialization
INFO: [Physopt 32-668] Current Timing Summary | WNS=-3.937 | TNS=-135.036 | WHS=-0.089 | THS=-0.238 |
Phase 14.1 Physical Synthesis Initialization | Checksum: 19dd87a27

Time (s): cpu = 00:02:16 ; elapsed = 00:02:28 . Memory (MB): peak = 5703.336 ; gain = 515.211
WARNING: [Physopt 32-745] Physical Optimization has determined that the magnitude of the negative slack is too large and it is highly unlikely that slack will be improved. Post-Route Physical Optimization is most effective when WNS is above -0.5ns

Phase 14.2 Critical Path Optimization
INFO: [Physopt 32-668] Current Timing Summary | WNS=-3.937 | TNS=-135.036 | WHS=-0.089 | THS=-0.238 |
INFO: [Physopt 32-952] Improved path group WNS = -3.888. Path group: clk_out_pll. Processed net: u_lut_dtc_top/din_delayed_d1.
INFO: [Physopt 32-952] Improved path group WNS = -3.829. Path group: clk_out_pll. Processed net: u_lut_dtc_top/din_delayed_d1.
INFO: [Physopt 32-952] Improved path group WNS = -3.744. Path group: clk_out_pll. Processed net: u_lut_dtc_top/din_delayed_d1.
INFO: [Physopt 32-952] Improved path group WNS = -3.591. Path group: clk_out_pll. Processed net: u_lut_dtc_top/din_delayed_d1.
INFO: [Physopt 32-953] Path group WNS did not improve. Path group: clk_out_pll. Processed net: u_lut_dtc_top/din_delayed_d1.
INFO: [Physopt 32-952] Improved path group WNS = -3.578. Path group: clk_out_pll. Processed net: dtc_code_d1[0].
INFO: [Physopt 32-953] Path group WNS did not improve. Path group: clk_out_pll. Processed net: dtc_code_d1[2].
INFO: [Physopt 32-953] Path group WNS did not improve. Path group: clk_out_pll. Processed net: u_lut_dtc_top/cascade[16].u_lut_dtc/dout_INST_0_i_1_n_0.
INFO: [Physopt 32-952] Improved path group WNS = -2.295. Path group: sys_clk_p. Processed net: u_fracn_div/u_dual_div/u_ila_dualdiv/inst/ila_core_inst/shifted_data_in_reg[7][9]_srl8_n_0.
INFO: [Physopt 32-952] Improved path group WNS = -2.265. Path group: sys_clk_p. Processed net: u_fracn_div/u_dual_div/u_ila_dualdiv/inst/ila_core_inst/u_trig/U_TM/N_DDR_MODE.G_NMU[2].U_M/allx_typeA_match_detection.ltlib_v1_0_2_allx_typeA_inst/all_dly1[1].
INFO: [Physopt 32-952] Improved path group WNS = -2.256. Path group: sys_clk_p. Processed net: u_fracn_div/u_dual_div/u_ila_dualdiv/inst/ila_core_inst/shifted_data_in_reg[7][9]_srl8_n_0.
INFO: [Physopt 32-953] Path group WNS did not improve. Path group: sys_clk_p. Processed net: u_fracn_div/u_dual_div/u_ila_dualdiv/inst/ila_core_inst/u_trig/U_TM/N_DDR_MODE.G_NMU[2].U_M/allx_typeA_match_detection.ltlib_v1_0_2_allx_typeA_inst/all_dly1[1].
INFO: [Physopt 32-953] Path group WNS did not improve. Path group: sys_clk_p. Processed net: u_fracn_div/u_dual_div/u_ila_dualdiv/inst/ila_core_inst/u_trig/U_TM/probe_data[9].
INFO: [Physopt 32-953] Path group WNS did not improve. Path group: **async_default**. Processed net: u_fracn_div/u_dual_div/u_p_counter/BLOCK1[0].u_dff/Q_reg/D1.
INFO: [Physopt 32-953] Path group WNS did not improve. Path group: **async_default**. Processed net: u_fracn_div/u_sync_rstn_dff/rst_n_sync_repN_1.
INFO: [Physopt 32-668] Current Timing Summary | WNS=-3.578 | TNS=-134.991 | WHS=-0.089 | THS=-0.238 |
Netlist sorting complete. Time (s): cpu = 00:00:00 ; elapsed = 00:00:00.002 . Memory (MB): peak = 5703.336 ; gain = 0.000
Phase 14.2 Critical Path Optimization | Checksum: 2dab24dcb

Time (s): cpu = 00:02:19 ; elapsed = 00:02:32 . Memory (MB): peak = 5703.336 ; gain = 515.211
Netlist sorting complete. Time (s): cpu = 00:00:00 ; elapsed = 00:00:00.003 . Memory (MB): peak = 5703.336 ; gain = 0.000
INFO: [Physopt 32-669] Post Physical Optimization Timing Summary | WNS=-3.578 | TNS=-134.991 | WHS=-0.089 | THS=-0.238 |
Phase 14 Physical Synthesis in Router | Checksum: 2dab24dcb

Time (s): cpu = 00:02:19 ; elapsed = 00:02:33 . Memory (MB): peak = 5703.336 ; gain = 515.211
Total Elapsed time in route_design: 152.699 secs

Phase 15 Post-Route Event Processing
Phase 15 Post-Route Event Processing | Checksum: 7dc95e36

Time (s): cpu = 00:02:19 ; elapsed = 00:02:33 . Memory (MB): peak = 5703.336 ; gain = 515.211
INFO: [Route 35-16] Router Completed Successfully
Ending Routing Task | Checksum: 7dc95e36

Time (s): cpu = 00:02:19 ; elapsed = 00:02:33 . Memory (MB): peak = 5703.336 ; gain = 515.211

Routing Is Done.
INFO: [Common 17-83] Releasing license: Implementation
425 Infos, 19 Warnings, 50 Critical Warnings and 0 Errors encountered.
route_design completed successfully
route_design: Time (s): cpu = 00:02:22 ; elapsed = 00:02:35 . Memory (MB): peak = 5703.336 ; gain = 515.211
INFO: [Vivado 12-24828] Executing command : report_drc -file fpga_ssc_pll_top_drc_routed.rpt -pb fpga_ssc_pll_top_drc_routed.pb -rpx fpga_ssc_pll_top_drc_routed.rpx
Command: report_drc -file fpga_ssc_pll_top_drc_routed.rpt -pb fpga_ssc_pll_top_drc_routed.pb -rpx fpga_ssc_pll_top_drc_routed.rpx
INFO: [IP_Flow 19-1839] IP Catalog is up to date.
INFO: [DRC 23-27] Running DRC with 2 threads
INFO: [Vivado_Tcl 2-168] The results of DRC are in file C:/Users/admin/Desktop/cygao/20260720/fpga_pll_mash111_dtc_ssc/FPGA_SSC_PLL/FPGA_SSC_PLL.runs/impl_1/fpga_ssc_pll_top_drc_routed.rpt.
report_drc completed successfully
INFO: [Vivado 12-24828] Executing command : report_methodology -file fpga_ssc_pll_top_methodology_drc_routed.rpt -pb fpga_ssc_pll_top_methodology_drc_routed.pb -rpx fpga_ssc_pll_top_methodology_drc_routed.rpx
Command: report_methodology -file fpga_ssc_pll_top_methodology_drc_routed.rpt -pb fpga_ssc_pll_top_methodology_drc_routed.pb -rpx fpga_ssc_pll_top_methodology_drc_routed.rpx
WARNING: [Constraints 18-633] Creating clock dtc_code with 9 sources. [C:/Users/admin/Desktop/cygao/20260720/fpga_pll_mash111_dtc_ssc/FPGA_SSC_PLL/FPGA_SSC_PLL.srcs/constrs_1/new/TOP.xdc:45]
INFO: [Timing 38-35] Done setting XDC timing constraints.
INFO: [DRC 23-133] Running Methodology with 2 threads
INFO: [Vivado_Tcl 2-1520] The results of Report Methodology are in file C:/Users/admin/Desktop/cygao/20260720/fpga_pll_mash111_dtc_ssc/FPGA_SSC_PLL/FPGA_SSC_PLL.runs/impl_1/fpga_ssc_pll_top_methodology_drc_routed.rpt.
report_methodology completed successfully
INFO: [Vivado 12-24828] Executing command : report_timing_summary -max_paths 10 -report_unconstrained -file fpga_ssc_pll_top_timing_summary_routed.rpt -pb fpga_ssc_pll_top_timing_summary_routed.pb -rpx fpga_ssc_pll_top_timing_summary_routed.rpx -warn_on_violation 
WARNING: [Constraints 18-633] Creating clock dtc_code with 9 sources. [C:/Users/admin/Desktop/cygao/20260720/fpga_pll_mash111_dtc_ssc/FPGA_SSC_PLL/FPGA_SSC_PLL.srcs/constrs_1/new/TOP.xdc:45]
INFO: [Timing 38-35] Done setting XDC timing constraints.
INFO: [Timing 38-91] UpdateTimingParams: Speed grade: -2L, Temperature grade: E, Delay Type: min_max.
INFO: [Timing 38-191] Multithreading enabled for timing update using a maximum of 2 CPUs
CRITICAL WARNING: [Timing 38-282] The design failed to meet the timing requirements. Please see the timing summary report for details on the timing violations.
WARNING: [Timing 38-436] There are set_bus_skew constraint(s) in this design. Please run report_bus_skew to ensure that bus skew requirements are met.
INFO: [Vivado 12-24838] Running report commands "report_incremental_reuse, report_route_status" in parallel.
Running report generation with 2 threads.
INFO: [Vivado 12-24828] Executing command : report_incremental_reuse -file fpga_ssc_pll_top_incremental_reuse_routed.rpt
INFO: [Vivado_Tcl 4-1062] Incremental flow is disabled. No incremental reuse Info to report.
INFO: [Vivado 12-24828] Executing command : report_route_status -file fpga_ssc_pll_top_route_status.rpt -pb fpga_ssc_pll_top_route_status.pb
INFO: [Vivado 12-24828] Executing command : report_power -file fpga_ssc_pll_top_power_routed.rpt -pb fpga_ssc_pll_top_power_summary_routed.pb -rpx fpga_ssc_pll_top_power_routed.rpx
Command: report_power -file fpga_ssc_pll_top_power_routed.rpt -pb fpga_ssc_pll_top_power_summary_routed.pb -rpx fpga_ssc_pll_top_power_routed.rpx
Running Vector-less Activity Propagation...

Finished Running Vector-less Activity Propagation
442 Infos, 22 Warnings, 51 Critical Warnings and 0 Errors encountered.
report_power completed successfully
report_power: Time (s): cpu = 00:00:06 ; elapsed = 00:00:07 . Memory (MB): peak = 5703.336 ; gain = 0.000
INFO: [Vivado 12-24828] Executing command : report_clock_utilization -file fpga_ssc_pll_top_clock_utilization_routed.rpt
report_clock_utilization: Time (s): cpu = 00:00:06 ; elapsed = 00:00:10 . Memory (MB): peak = 5703.336 ; gain = 0.000
INFO: [Vivado 12-24828] Executing command : report_bus_skew -warn_on_violation -file fpga_ssc_pll_top_bus_skew_routed.rpt -pb fpga_ssc_pll_top_bus_skew_routed.pb -rpx fpga_ssc_pll_top_bus_skew_routed.rpx
INFO: [Timing 38-91] UpdateTimingParams: Speed grade: -2L, Temperature grade: E, Delay Type: min_max.
INFO: [Timing 38-191] Multithreading enabled for timing update using a maximum of 2 CPUs
generate_parallel_reports: Time (s): cpu = 00:00:21 ; elapsed = 00:00:25 . Memory (MB): peak = 5703.336 ; gain = 0.000
INFO: [Timing 38-480] Writing timing data to binary archive.
Write ShapeDB Complete: Time (s): cpu = 00:00:00 ; elapsed = 00:00:00.023 . Memory (MB): peak = 5703.336 ; gain = 0.000
Wrote PlaceDB: Time (s): cpu = 00:00:01 ; elapsed = 00:00:00.691 . Memory (MB): peak = 5703.336 ; gain = 0.000
Wrote PulsedLatchDB: Time (s): cpu = 00:00:00 ; elapsed = 00:00:00 . Memory (MB): peak = 5703.336 ; gain = 0.000
Writing XDEF routing.
Writing XDEF routing logical nets.
Writing XDEF routing special nets.
Wrote RouteStorage: Time (s): cpu = 00:00:00 ; elapsed = 00:00:00.113 . Memory (MB): peak = 5703.336 ; gain = 0.000
Wrote Netlist Cache: Time (s): cpu = 00:00:00 ; elapsed = 00:00:00.009 . Memory (MB): peak = 5703.336 ; gain = 0.000
Wrote Device Cache: Time (s): cpu = 00:00:00 ; elapsed = 00:00:00.010 . Memory (MB): peak = 5703.336 ; gain = 0.000
Write Physdb Complete: Time (s): cpu = 00:00:01 ; elapsed = 00:00:00.832 . Memory (MB): peak = 5703.336 ; gain = 0.000
INFO: [Common 17-1381] The checkpoint 'C:/Users/admin/Desktop/cygao/20260720/fpga_pll_mash111_dtc_ssc/FPGA_SSC_PLL/FPGA_SSC_PLL.runs/impl_1/fpga_ssc_pll_top_routed.dcp' has been generated.
Command: write_bitstream -force fpga_ssc_pll_top.bit
Attempting to get a license for feature 'Implementation' and/or device 'xcvu9p'
INFO: [Common 17-349] Got license for feature 'Implementation' and/or device 'xcvu9p'
Running DRC as a precondition to command write_bitstream
INFO: [IP_Flow 19-1839] IP Catalog is up to date.
INFO: [DRC 23-27] Running DRC with 2 threads
INFO: [Vivado 12-3199] DRC finished with 0 Errors
INFO: [Vivado 12-3200] Please refer to the DRC report (report_drc) for more information.
INFO: [Designutils 20-2272] Running write_bitstream with 2 threads.
Loading data files...
Loading site data...
Loading route data...
Processing options...
Creating bitmap...
Creating bitstream...
Writing bitstream ./fpga_ssc_pll_top.bit...
INFO: [Vivado 12-1842] Bitgen Completed Successfully.
INFO: [Common 17-83] Releasing license: Implementation
456 Infos, 22 Warnings, 51 Critical Warnings and 0 Errors encountered.
write_bitstream completed successfully
write_bitstream: Time (s): cpu = 00:00:46 ; elapsed = 00:00:35 . Memory (MB): peak = 5777.570 ; gain = 74.234
INFO: [Common 17-206] Exiting Vivado at Tue Jul 21 13:25:24 2026...
